,Mean,Max,Min
0,32.0,37.0,30.0
1,32.0,37.0,30.0
2,32.0,37.0,30.0
3,32.0,37.0,30.0
4,32.5,39.0,30.0
5,33.0,41.0,30.0
6,33.75,44.0,30.0
7,34.25,45.0,30.0
8,36.5,48.0,32.0
9,38.75,51.0,34.0
10,40.5,52.0,36.0
11,41.0,51.0,37.0
12,43.0,54.0,39.0
13,42.5,49.0,39.0
14,43.25,50.0,41.0
15,45.0,52.0,42.0
16,45.0,50.0,43.0
17,45.25,52.0,43.0
18,43.0,48.0,41.0
19,41.5,48.0,39.0
20,40.0,46.0,37.0
21,39.0,44.0,37.0
22,38.0,42.0,36.0
23,36.75,39.0,36.0
24,36.5,38.0,36.0
25,36.0,36.0,36.0
26,36.25,37.0,36.0
27,36.5,37.0,35.0
28,38.5,40.0,37.0
29,40.75,46.0,39.0
30,42.75,50.0,39.0
31,44.25,54.0,41.0
32,44.25,52.0,41.0
33,45.5,53.0,43.0
34,46.0,55.0,41.0
35,45.75,55.0,42.0
36,44.25,57.0,37.0
37,44.75,60.0,39.0
38,44.5,60.0,39.0
39,44.25,59.0,39.0
40,42.25,57.0,37.0
41,41.75,56.0,36.0
42,40.5,53.0,36.0
43,39.5,50.0,36.0
44,38.75,49.0,34.0
45,37.25,46.0,34.0
46,37.0,46.0,34.0
47,36.25,44.0,33.0
48,37.0,42.0,34.0
49,36.75,40.0,35.0
50,36.5,39.0,35.0
51,37.0,39.0,36.0
52,37.5,42.0,36.0
53,38.0,44.0,36.0
54,39.5,47.0,37.0
55,40.25,50.0,37.0
56,40.5,50.0,37.0
57,42.0,53.0,37.0
58,41.5,54.0,37.0
59,42.0,56.0,37.0
60,41.75,56.0,37.0
61,42.0,56.0,37.0
62,41.75,55.0,37.0
63,41.5,54.0,37.0
64,41.5,54.0,37.0
65,40.75,53.0,36.0
66,40.0,51.0,36.0
67,38.0,49.0,34.0
68,36.5,48.0,32.0
69,35.5,46.0,32.0
70,34.75,45.0,30.0
71,33.5,43.0,30.0
72,32.75,41.0,30.0
73,32.75,40.0,30.0
74,32.25,38.0,30.0
75,32.0,38.0,30.0
76,32.75,40.0,30.0
77,35.25,43.0,32.0
78,38.25,45.0,35.0
79,40.75,47.0,37.0
80,42.75,48.0,41.0
81,44.75,49.0,43.0
82,46.25,51.0,43.0
83,46.25,49.0,45.0
84,46.5,49.0,45.0
85,47.5,51.0,46.0
86,46.75,48.0,46.0
87,47.0,48.0,46.0
88,46.0,47.0,45.0
89,44.0,46.0,41.0
90,43.25,44.0,43.0
91,42.25,43.0,41.0
92,41.5,43.0,40.0
93,40.75,42.0,39.0
94,41.0,42.0,40.0
95,40.25,41.0,38.0
96,39.25,41.0,37.0
97,38.75,40.0,37.0
98,38.5,40.0,36.0
99,39.25,41.0,35.0
100,42.0,45.0,38.0
101,44.75,46.0,41.0
102,46.75,48.0,45.0
103,49.0,50.0,48.0
104,50.75,52.0,50.0
105,51.75,55.0,50.0
106,53.0,58.0,50.0
107,53.75,58.0,52.0
108,54.0,59.0,52.0
109,53.75,57.0,52.0
110,53.5,59.0,50.0
111,51.25,58.0,48.0
112,49.25,59.0,45.0
113,47.5,62.0,41.0
114,44.25,58.0,39.0
115,42.5,55.0,37.0
116,41.5,54.0,37.0
117,40.5,53.0,36.0
118,39.75,50.0,36.0
119,38.0,49.0,34.0
120,36.75,47.0,32.0
121,35.5,46.0,32.0
122,34.0,45.0,30.0
123,34.0,45.0,30.0
124,34.75,48.0,30.0
125,35.25,51.0,30.0
126,36.25,54.0,30.0
127,36.75,56.0,30.0
128,38.25,57.0,32.0
129,38.75,58.0,32.0
130,39.0,59.0,32.0
131,39.5,59.0,32.0
132,40.0,58.0,34.0
133,39.5,58.0,32.0
134,40.0,58.0,34.0
135,40.0,57.0,34.0
136,39.5,56.0,34.0
137,38.0,55.0,32.0
138,37.25,52.0,32.0
139,34.75,49.0,28.0
140,32.75,47.0,27.0
141,31.75,45.0,27.0
142,31.5,44.0,27.0
143,31.0,43.0,27.0
144,30.75,41.0,27.0
145,30.5,40.0,27.0
146,30.25,38.0,27.0
147,30.5,36.0,28.0
148,32.0,38.0,30.0
149,33.0,41.0,30.0
150,33.5,43.0,30.0
151,34.5,46.0,30.0
152,35.5,46.0,30.0
153,35.75,46.0,32.0
154,34.75,46.0,30.0
155,35.75,47.0,30.0
156,34.5,48.0,30.0
157,34.0,46.0,28.0
158,34.75,44.0,30.0
159,35.0,46.0,30.0
160,34.0,44.0,30.0
161,32.75,42.0,28.0
162,31.0,42.0,27.0
163,30.75,41.0,27.0
164,29.75,40.0,25.0
165,28.75,41.0,23.0
166,27.5,40.0,23.0
167,26.0,39.0,21.0
168,25.0,39.0,19.0
169,24.25,39.0,19.0
170,24.75,39.0,19.0
171,26.0,39.0,21.0
172,27.5,38.0,23.0
173,29.25,40.0,25.0
174,31.5,41.0,28.0
175,33.0,43.0,29.0
176,33.0,42.0,30.0
177,34.666666666666664,42.0,30.0
178,35.25,44.0,32.0
179,35.0,44.0,32.0
180,35.25,45.0,32.0
181,36.0,42.0,34.0
182,34.75,41.0,32.0
183,34.5,40.0,32.0
184,34.25,40.0,32.0
185,32.75,37.0,30.0
186,32.25,38.0,30.0
187,31.75,37.0,30.0
188,31.5,36.0,30.0
189,30.75,35.0,28.0
190,30.0,35.0,28.0
191,29.25,34.0,27.0
192,29.0,33.0,27.0
193,29.0,33.0,27.0
194,28.75,33.0,27.0
195,28.75,33.0,27.0
196,29.25,35.0,27.0
197,29.75,36.0,27.0
198,32.25,37.0,30.0
199,32.75,35.0,32.0
200,33.5,36.0,32.0
201,34.75,37.0,34.0
202,35.25,38.0,34.0
203,36.0,39.0,34.0
204,35.75,37.0,34.0
205,36.5,39.0,35.0
206,34.5,37.0,33.0
207,34.25,37.0,30.0
208,33.0,35.0,31.0
209,34.0,36.0,32.0
210,33.0,36.0,32.0
211,31.0,33.0,30.0
212,29.5,32.0,28.0
213,28.5,30.0,27.0
214,28.0,30.0,27.0
215,27.75,29.0,27.0
216,27.5,29.0,27.0
217,27.75,29.0,27.0
218,28.25,29.0,28.0
219,28.75,30.0,28.0
220,29.75,32.0,28.0
221,30.75,35.0,28.0
222,32.25,39.0,30.0
223,32.75,40.0,30.0
224,33.5,40.0,30.0
225,33.25,36.0,32.0
226,32.75,35.0,32.0
227,33.75,38.0,32.0
228,34.666666666666664,38.0,32.0
229,34.5,39.0,32.0
230,33.25,37.0,32.0
231,33.75,39.0,32.0
232,33.0,38.0,30.0
233,32.0,37.0,30.0
234,31.25,36.0,28.0
235,30.0,35.0,28.0
236,28.75,33.0,27.0
237,27.75,32.0,25.0
238,27.0,30.0,25.0
239,26.5,31.0,25.0
240,26.0,29.0,25.0
241,26.25,30.0,25.0
242,26.0,29.0,25.0
243,26.0,28.0,25.0
244,26.25,29.0,25.0
245,28.5,34.0,26.0
246,30.0,38.0,27.0
247,31.25,42.0,27.0
248,31.5,41.0,28.0
249,33.25,42.0,30.0
250,33.0,41.0,30.0
251,35.0,44.0,32.0
252,35.5,46.0,32.0
253,35.0,41.0,32.0
254,35.0,40.0,32.0
255,35.5,40.0,34.0
256,35.75,43.0,32.0
257,34.5,41.0,32.0
258,33.75,40.0,30.0
259,32.5,38.0,30.0
260,30.75,36.0,28.0
261,29.5,33.0,28.0
262,28.5,32.0,27.0
263,27.0,31.0,25.0
264,26.5,30.0,25.0
265,26.25,29.0,25.0
266,26.75,29.0,25.0
267,28.0,31.0,27.0
268,29.0,34.0,27.0
269,32.0,38.0,30.0
270,31.75,40.0,28.0
271,33.75,43.0,30.0
272,35.5,45.0,32.0
273,35.75,46.0,32.0
274,37.25,46.0,34.0
275,37.5,47.0,34.0
276,39.25,49.0,36.0
277,40.0,51.0,36.0
278,39.75,50.0,36.0
279,39.0,47.0,36.0
280,39.0,48.0,36.0
281,38.75,49.0,34.0
282,37.5,47.0,34.0
283,35.5,44.0,32.0
284,32.5,40.0,28.0
285,31.75,39.0,28.0
286,31.5,38.0,28.0
287,30.75,38.0,28.0
288,29.5,36.0,27.0
289,28.75,34.0,27.0
290,28.5,33.0,27.0
291,29.75,36.0,27.0
292,31.5,41.0,28.0
293,33.5,44.0,30.0
294,35.25,47.0,30.0
295,35.5,49.0,30.0
296,36.0,51.0,30.0
297,37.5,52.0,32.0
298,37.75,52.0,32.0
299,39.0,54.0,34.0
300,39.75,54.0,34.0
301,39.75,53.0,34.0
302,40.0,55.0,34.0
303,40.75,55.0,36.0
304,40.5,54.0,36.0
305,38.75,47.0,36.0
306,37.75,45.0,34.0
307,35.5,44.0,32.0
308,34.0,43.0,30.0
309,32.25,42.0,28.0
310,30.5,38.0,28.0
311,29.75,38.0,27.0
312,29.5,38.0,26.0
313,29.0,41.0,25.0
314,30.0,42.0,25.0
315,31.25,44.0,26.0
316,34.25,46.0,29.0
317,36.5,48.0,32.0
318,37.75,49.0,34.0
319,39.25,50.0,35.0
320,39.75,51.0,36.0
321,40.0,52.0,36.0
322,40.5,54.0,36.0
323,40.75,53.0,36.0
324,41.0,55.0,36.0
325,41.5,57.0,36.0
326,41.25,57.0,36.0
327,40.75,55.0,36.0
328,41.0,53.0,37.0
329,40.0,51.0,36.0
330,39.25,52.0,34.0
331,37.75,51.0,32.0
332,36.25,51.0,30.0
333,35.5,51.0,30.0
334,33.75,50.0,28.0
335,33.25,49.0,28.0
336,32.75,48.0,27.0
337,32.0,47.0,27.0
338,32.0,47.0,27.0
339,32.75,47.0,28.0
340,35.666666666666664,48.0,29.0
341,34.5,48.0,30.0
342,35.25,48.0,30.0
343,36.25,48.0,32.0
344,37.5,48.0,34.0
345,38.0,48.0,34.0
346,39.5,49.0,36.0
347,40.25,51.0,36.0
348,42.75,56.0,37.0
349,43.0,57.0,37.0
350,43.5,56.0,39.0
351,43.5,56.0,39.0
352,43.0,54.0,39.0
353,42.0,50.0,39.0
354,41.0,46.0,39.0
355,38.75,42.0,37.0
356,37.0,39.0,36.0
357,36.0,37.0,35.0
358,36.0,37.0,34.0
359,35.5,37.0,33.0
360,33.5,36.0,32.0
361,30.75,34.0,29.0
362,30.75,33.0,30.0
363,32.75,35.0,32.0
364,34.75,37.0,34.0
365,36.25,39.0,34.0
366,38.5,41.0,36.0
367,40.25,45.0,37.0
368,41.75,48.0,39.0
369,44.25,52.0,41.0
370,44.75,52.0,41.0
371,46.0,53.0,43.0
372,45.25,51.0,41.0
373,45.75,51.0,43.0
374,45.25,52.0,41.0
375,42.0,44.0,41.0
376,43.5,49.0,41.0
377,43.5,50.0,41.0
378,42.75,48.0,41.0
379,41.25,46.0,39.0
380,40.5,46.0,37.0
381,39.5,45.0,37.0
382,39.0,44.0,37.0
383,39.0,44.0,37.0
384,39.0,44.0,37.0
385,39.0,44.0,37.0
386,37.75,42.0,36.0
387,38.25,44.0,36.0
388,39.5,47.0,37.0
389,39.5,47.0,37.0
390,39.75,49.0,36.0
391,39.5,49.0,36.0
392,39.25,49.0,36.0
393,40.5,51.0,37.0
394,41.0,53.0,37.0
395,41.0,55.0,36.0
396,41.0,54.0,36.0
397,41.25,54.0,37.0
398,41.25,54.0,37.0
399,40.75,52.0,37.0
400,40.75,51.0,37.0
401,40.75,51.0,37.0
402,40.5,51.0,36.0
403,40.0,50.0,36.0
404,39.75,50.0,36.0
405,39.25,48.0,36.0
406,39.0,48.0,36.0
407,38.5,48.0,34.0
408,38.0,49.0,34.0
409,37.5,48.0,34.0
410,37.5,48.0,34.0
411,38.0,49.0,34.0
412,39.0,49.0,35.0
413,39.25,49.0,36.0
414,40.0,50.0,36.0
415,41.0,51.0,37.0
416,44.5,51.0,41.0
417,49.0,54.0,46.0
418,50.0,54.0,48.0
419,50.5,53.0,48.0
420,51.5,55.0,50.0
421,51.75,55.0,50.0
422,51.0,57.0,48.0
423,49.25,57.0,45.0
424,46.5,54.0,43.0
425,44.5,54.0,41.0
426,43.75,52.0,41.0
427,43.25,50.0,41.0
428,43.5,51.0,41.0
429,43.25,51.0,40.0
430,42.25,51.0,39.0
431,42.0,50.0,39.0
432,41.75,50.0,39.0
433,41.25,49.0,38.0
434,41.5,50.0,38.0
435,42.0,52.0,38.0
436,42.25,52.0,39.0
437,44.25,55.0,40.0
438,45.75,56.0,41.0
439,47.5,59.0,43.0
440,49.25,61.0,45.0
441,50.5,65.0,45.0
442,51.25,67.0,46.0
443,52.0,68.0,46.0
444,53.5,71.0,47.0
445,53.0,73.0,46.0
446,52.5,73.0,45.0
447,51.75,71.0,45.0
448,51.5,70.0,45.0
449,50.5,66.0,45.0
450,49.75,63.0,45.0
451,48.0,61.0,43.0
452,48.25,63.0,43.0
453,47.0,61.0,41.0
454,45.5,61.0,39.0
455,46.333333333333336,61.0,39.0
456,43.25,60.0,37.0
457,44.666666666666664,61.0,36.0
458,44.0,60.0,36.0
459,42.5,59.0,37.0
460,43.25,61.0,37.0
461,44.5,62.0,38.0
462,45.5,64.0,39.0
463,46.5,66.0,39.0
464,47.5,66.0,41.0
465,48.5,69.0,41.0
466,49.25,71.0,41.0
467,48.5,68.0,41.0
468,49.0,67.0,43.0
469,49.0,66.0,43.0
470,48.5,64.0,43.0
471,48.5,64.0,43.0
472,48.0,62.0,43.0
473,47.75,62.0,43.0
474,46.75,61.0,41.0
475,44.75,59.0,39.0
476,43.75,58.0,39.0
477,41.75,56.0,37.0
478,41.25,55.0,36.0
479,41.25,55.0,36.0
480,40.75,54.0,36.0
481,40.25,51.0,36.0
482,40.5,51.0,37.0
483,41.25,52.0,37.0
484,43.0,55.0,39.0
485,43.75,58.0,39.0
486,44.5,59.0,39.0
487,45.5,60.0,40.0
488,47.25,61.0,42.0
489,49.0,62.0,44.0
490,50.5,64.0,46.0
491,52.25,65.0,48.0
492,52.25,65.0,48.0
493,53.25,64.0,49.0
494,52.5,63.0,48.0
495,53.0,62.0,50.0
496,52.5,61.0,49.0
497,51.5,61.0,48.0
498,51.0,60.0,48.0
499,49.25,59.0,46.0
500,48.75,58.0,45.0
501,47.5,55.0,45.0
502,46.5,54.0,43.0
503,45.25,53.0,42.0
504,44.75,51.0,42.0
505,44.5,50.0,42.0
506,43.75,49.0,41.0
507,45.0,52.0,42.0
508,46.0,55.0,43.0
509,47.0,54.0,44.0
510,47.5,54.0,45.0
511,48.5,56.0,46.0
512,50.25,60.0,46.0
513,52.0,63.0,48.0
514,54.0,66.0,50.0
515,54.5,66.0,50.0
516,55.5,65.0,52.0
517,55.5,65.0,52.0
518,55.25,64.0,52.0
519,55.75,62.0,53.0
520,55.5,65.0,52.0
521,55.25,64.0,52.0
522,53.25,63.0,48.0
523,51.25,60.0,48.0
524,49.0,58.0,45.0
525,47.75,56.0,45.0
526,46.25,54.0,43.0
527,44.75,52.0,41.0
528,43.5,50.0,41.0
529,41.5,48.0,39.0
530,41.25,47.0,39.0
531,41.5,48.0,39.0
532,44.0,52.0,40.0
533,47.75,56.0,45.0
534,47.75,59.0,43.0
535,47.5,59.0,43.0
536,47.0,58.0,43.0
537,47.5,59.0,43.0
538,49.0,60.0,45.0
539,49.0,60.0,45.0
540,50.25,62.0,46.0
541,51.0,65.0,46.0
542,50.5,64.0,46.0
543,49.5,60.0,46.0
544,48.25,57.0,45.0
545,48.0,57.0,45.0
546,46.5,55.0,43.0
547,44.25,55.0,39.0
548,42.5,54.0,37.0
549,41.0,53.0,37.0
550,40.75,54.0,36.0
551,39.5,53.0,34.0
552,39.0,51.0,34.0
553,37.75,49.0,34.0
554,38.25,49.0,34.0
555,40.0,51.0,36.0
556,43.0,52.0,39.0
557,45.5,54.0,42.0
558,48.5,58.0,45.0
559,49.75,55.0,48.0
560,50.0,56.0,48.0
561,51.5,54.0,50.0
562,53.25,58.0,51.0
563,54.75,62.0,52.0
564,53.25,60.0,50.0
565,54.5,61.0,52.0
566,55.5,61.0,53.0
567,55.0,57.0,54.0
568,54.75,56.0,54.0
569,54.5,55.0,54.0
570,53.75,55.0,52.0
571,52.0,53.0,51.0
572,50.25,52.0,49.0
573,47.5,49.0,46.0
574,46.75,49.0,45.0
575,45.75,48.0,43.0
576,45.5,48.0,44.0
577,43.75,48.0,41.0
578,41.75,48.0,39.0
579,42.25,49.0,39.0
580,43.75,52.0,41.0
581,47.5,58.0,43.0
582,49.0,55.0,46.0
583,52.0,61.0,48.0
584,54.25,62.0,50.0
585,55.0,62.0,52.0
586,55.25,59.0,54.0
587,57.75,65.0,55.0
588,59.75,68.0,57.0
589,58.75,64.0,55.0
590,58.75,66.0,55.0
591,57.75,65.0,54.0
592,53.75,63.0,48.0
593,51.25,60.0,48.0
594,49.75,57.0,46.0
595,48.75,55.0,46.0
596,47.5,54.0,43.0
597,46.0,53.0,43.0
598,43.75,52.0,39.0
599,40.75,50.0,36.0
600,39.0,49.0,34.0
601,37.5,47.0,34.0
602,37.25,46.0,34.0
603,38.0,47.0,34.0
604,41.333333333333336,51.0,36.0
605,41.5,55.0,37.0
606,42.25,58.0,36.0
607,43.25,61.0,37.0
608,45.0,62.0,39.0
609,47.25,64.0,41.0
610,45.75,57.0,41.0
611,46.5,61.0,41.0
612,47.0,60.0,42.0
613,46.0,59.0,41.0
614,46.75,60.0,41.0
615,47.5,63.0,41.0
616,46.5,64.0,39.0
617,45.5,64.0,39.0
618,45.0,62.0,39.0
619,43.0,59.0,37.0
620,41.25,56.0,36.0
621,39.5,55.0,34.0
622,38.0,53.0,32.0
623,36.5,50.0,30.0
624,36.75,47.0,32.0
625,36.0,45.0,32.0
626,36.5,44.0,34.0
627,37.0,46.0,34.0
628,37.25,47.0,34.0
629,38.5,50.0,34.0
630,40.25,50.0,37.0
631,40.25,51.0,36.0
632,41.25,54.0,37.0
633,40.75,53.0,36.0
634,40.25,51.0,36.0
635,41.25,51.0,37.0
636,41.25,51.0,37.0
637,40.5,50.0,37.0
638,41.5,49.0,39.0
639,42.75,49.0,40.0
640,42.25,49.0,39.0
641,41.75,49.0,39.0
642,41.75,49.0,39.0
643,41.25,49.0,37.0
644,39.75,48.0,37.0
645,39.0,49.0,35.0
646,37.75,49.0,34.0
647,37.0,49.0,32.0
648,36.75,49.0,32.0
649,37.0,47.0,33.0
650,37.0,47.0,33.0
651,38.0,49.0,33.0
652,38.75,48.0,35.0
653,39.5,49.0,36.0
654,40.25,50.0,37.0
655,40.5,54.0,34.0
656,39.5,56.0,34.0
657,40.5,58.0,34.0
658,41.25,58.0,35.0
659,42.25,61.0,36.0
660,42.75,63.0,36.0
661,43.0,64.0,36.0
662,41.75,60.0,35.0
663,42.5,63.0,35.0
664,42.0,61.0,35.0
665,40.75,60.0,34.0
666,39.75,58.0,33.0
667,38.0,55.0,32.0
668,39.0,55.0,33.0
669,39.0,55.0,33.0
670,39.25,56.0,33.0
671,39.0,55.0,33.0
672,38.0,55.0,32.0
673,37.75,55.0,32.0
674,38.25,55.0,32.0
675,40.0,56.0,34.0
676,41.5,57.0,36.0
677,43.75,59.0,38.0
678,45.25,59.0,40.0
679,46.5,64.0,39.0
680,46.75,64.0,39.0
681,39.5,40.0,39.0
682,39.0,39.0,39.0
683,47.0,63.0,41.0
684,47.25,64.0,41.0
685,48.0,63.0,43.0
686,47.5,61.0,43.0
687,47.5,60.0,43.0
688,46.75,59.0,41.0
689,45.0,57.0,41.0
690,44.75,55.0,41.0
691,42.25,53.0,37.0
692,39.75,48.0,36.0
693,38.5,45.0,36.0
694,36.75,46.0,32.0
695,35.0,43.0,32.0
696,34.75,42.0,32.0
697,33.5,40.0,30.0
698,34.75,40.0,32.0
699,37.75,44.0,35.0
700,39.75,49.0,36.0
701,41.5,51.0,37.0
702,43.25,52.0,39.0
703,45.0,55.0,41.0
704,44.75,55.0,41.0
705,47.0,54.0,44.0
706,46.75,53.0,43.0
707,47.25,54.0,45.0
708,48.25,55.0,45.0
709,47.5,53.0,45.0
710,47.75,52.0,46.0
711,47.5,51.0,46.0
712,46.75,49.0,45.0
713,46.25,49.0,45.0
714,45.5,48.0,43.0
715,44.5,48.0,43.0
716,43.25,48.0,41.0
717,43.0,48.0,41.0
718,41.75,48.0,39.0
719,41.25,49.0,37.0
720,40.0,48.0,37.0
721,39.5,48.0,36.0
722,38.5,48.0,34.0
723,37.5,48.0,34.0
724,37.25,48.0,33.0
725,37.75,48.0,33.0
726,39.5,49.0,36.0
727,41.25,50.0,37.0
728,42.75,50.0,39.0
729,43.25,51.0,40.0
730,44.5,51.0,41.0
731,46.5,54.0,42.0
732,46.5,56.0,42.0
733,46.75,58.0,41.0
734,46.25,60.0,39.0
735,45.5,58.0,40.0
736,46.5,57.0,43.0
737,45.0,55.0,41.0
738,43.75,53.0,39.0
739,41.0,51.0,36.0
740,39.75,50.0,36.0
741,37.75,47.0,34.0
742,35.5,44.0,32.0
743,34.5,43.0,30.0
744,33.5,42.0,30.0
745,32.75,40.0,30.0
746,33.25,40.0,30.0
747,35.25,41.0,32.0
748,37.0,44.0,34.0
749,38.5,46.0,36.0
750,38.0,48.0,34.0
751,40.0,50.0,36.0
752,38.75,44.0,37.0
753,40.25,42.0,39.0
754,42.0,46.0,40.0
755,42.25,47.0,38.0
756,41.5,44.0,39.0
757,40.25,47.0,37.0
758,43.0,49.0,39.0
759,44.25,48.0,43.0
760,41.25,45.0,39.0
761,38.75,42.0,36.0
762,37.0,44.0,34.0
763,35.25,43.0,32.0
764,34.75,42.0,32.0
765,34.0,40.0,32.0
766,34.0,40.0,32.0
767,33.75,39.0,32.0
768,33.5,38.0,32.0
769,33.25,37.0,32.0
770,33.25,37.0,32.0
771,34.5,39.0,32.0
772,35.75,41.0,34.0
773,37.5,43.0,35.0
774,38.0,44.0,36.0
775,38.75,44.0,37.0
776,39.75,45.0,37.0
777,40.5,45.0,39.0
778,41.25,46.0,37.0
779,42.25,47.0,40.0
780,42.75,47.0,40.0
781,43.5,47.0,41.0
782,42.25,47.0,39.0
783,40.75,45.0,39.0
784,39.25,45.0,37.0
785,39.75,47.0,37.0
786,39.75,47.0,37.0
787,38.25,44.0,36.0
788,37.75,43.0,36.0
789,37.0,40.0,36.0
790,37.0,40.0,36.0
791,37.0,40.0,36.0
792,36.5,39.0,35.0
793,36.75,40.0,35.0
794,36.0,39.0,34.0
795,36.75,40.0,35.0
796,37.75,43.0,36.0
797,38.5,46.0,36.0
798,39.25,48.0,36.0
799,39.75,49.0,36.0
800,41.25,51.0,37.0
801,41.75,53.0,37.0
802,42.75,55.0,38.0
803,43.75,55.0,39.0
804,45.25,56.0,41.0
805,46.25,59.0,41.0
806,46.0,59.0,41.0
807,45.75,59.0,41.0
808,46.0,60.0,41.0
809,45.75,59.0,41.0
810,45.0,57.0,41.0
811,42.5,52.0,39.0
812,40.5,49.0,37.0
813,39.5,48.0,36.0
814,38.75,46.0,36.0
815,38.5,45.0,36.0
816,37.75,43.0,36.0
817,37.75,43.0,36.0
818,37.5,41.0,36.0
819,37.75,43.0,36.0
820,38.75,44.0,37.0
821,39.25,46.0,37.0
822,39.75,48.0,37.0
823,40.25,50.0,36.0
824,40.25,51.0,36.0
825,40.75,52.0,37.0
826,42.25,53.0,38.0
827,44.0,54.0,40.0
828,44.75,55.0,41.0
829,46.0,56.0,42.0
830,45.75,57.0,41.0
831,46.5,59.0,41.0
832,46.0,58.0,41.0
833,44.0,52.0,41.0
834,42.0,49.0,39.0
835,41.75,49.0,39.0
836,41.25,49.0,37.0
837,40.0,49.0,36.0
838,39.25,49.0,36.0
839,39.5,50.0,36.0
840,39.0,49.0,35.0
841,39.5,50.0,36.0
842,39.25,49.0,36.0
843,40.5,51.0,37.0
844,41.0,50.0,37.0
845,41.5,51.0,37.0
846,42.25,52.0,39.0
847,44.5,51.0,41.0
848,45.5,51.0,43.0
849,46.25,51.0,44.0
850,48.25,51.0,46.0
851,50.0,54.0,48.0
852,51.0,53.0,50.0
853,52.5,54.0,52.0
854,52.25,54.0,51.0
855,52.25,54.0,50.0
856,51.75,53.0,50.0
857,50.75,52.0,49.0
858,50.0,50.0,50.0
859,48.75,50.0,48.0
860,47.0,50.0,46.0
861,46.75,50.0,45.0
862,46.75,49.0,46.0
863,46.0,48.0,45.0
864,44.0,47.0,43.0
865,44.25,47.0,42.0
866,45.5,48.0,43.0
867,47.25,49.0,46.0
868,48.75,51.0,48.0
869,50.25,54.0,48.0
870,50.25,56.0,48.0
871,50.75,59.0,48.0
872,52.5,61.0,49.0
873,53.0,62.0,50.0
874,53.5,64.0,50.0
875,54.25,65.0,50.0
876,54.0,66.0,50.0
877,54.25,67.0,50.0
878,55.0,67.0,50.0
879,56.5,67.0,52.0
880,56.5,65.0,53.0
881,56.5,64.0,54.0
882,56.0,62.0,54.0
883,54.25,60.0,52.0
884,51.5,57.0,48.0
885,49.5,55.0,46.0
886,48.5,54.0,45.0
887,47.5,51.0,46.0
888,47.5,51.0,46.0
889,47.0,49.0,46.0
890,48.5,50.0,48.0
891,51.25,54.0,49.0
892,54.0,58.0,52.0
893,56.25,60.0,55.0
894,58.75,62.0,57.0
895,61.25,63.0,59.0
896,63.25,65.0,62.0
897,64.25,65.0,64.0
898,65.25,66.0,64.0
899,67.5,68.0,67.0
900,67.75,68.0,67.0
901,68.25,69.0,68.0
902,69.25,70.0,68.0
903,69.25,70.0,68.0
904,69.25,70.0,68.0
905,68.75,70.0,66.0
906,67.5,69.0,65.0
907,65.25,67.0,64.0
908,63.25,65.0,61.0
909,61.5,63.0,60.0
910,58.0,59.0,56.0
911,55.75,57.0,55.0
912,55.25,57.0,54.0
913,55.0,56.0,54.0
914,56.0,57.0,55.0
915,57.5,59.0,56.0
916,59.5,61.0,55.0
917,61.5,64.0,55.0
918,62.75,66.0,53.0
919,64.25,70.0,52.0
920,64.25,68.0,53.0
921,66.0,70.0,55.0
922,66.25,70.0,55.0
923,67.5,72.0,55.0
924,68.25,73.0,56.0
925,69.0,73.0,57.0
926,69.0,73.0,57.0
927,67.75,73.0,53.0
928,67.0,72.0,52.0
929,67.25,72.0,53.0
930,66.0,71.0,53.0
931,63.5,68.0,52.0
932,61.0,65.0,52.0
933,59.75,63.0,52.0
934,57.5,60.0,52.0
935,56.5,59.0,52.0
936,55.0,57.0,52.0
937,54.25,55.0,52.0
938,55.0,57.0,52.0
939,56.25,59.0,52.0
940,57.75,61.0,52.0
941,60.5,64.0,53.0
942,62.75,68.0,54.0
943,64.75,68.0,55.0
944,66.0,70.0,58.0
945,67.75,72.0,59.0
946,69.5,72.0,62.0
947,69.75,73.0,62.0
948,70.25,73.0,63.0
949,70.75,73.0,64.0
950,71.25,74.0,65.0
951,71.0,73.0,65.0
952,70.75,73.0,64.0
953,68.5,73.0,61.0
954,64.25,69.0,58.0
955,62.75,67.0,57.0
956,60.75,64.0,55.0
957,58.0,62.0,54.0
958,56.75,60.0,53.0
959,55.5,58.0,52.0
960,55.0,58.0,52.0
961,54.75,58.0,51.0
962,55.0,57.0,51.0
963,56.5,59.0,53.0
964,59.25,61.0,56.0
965,62.5,64.0,61.0
966,64.0,64.0,64.0
967,66.0,66.0,66.0
968,66.25,68.0,65.0
969,67.5,68.0,67.0
970,67.75,68.0,67.0
971,68.5,70.0,68.0
972,68.75,70.0,67.0
973,67.5,70.0,64.0
974,68.0,69.0,67.0
975,68.25,70.0,67.0
976,66.75,68.0,65.0
977,65.0,66.0,64.0
978,63.5,65.0,62.0
979,62.5,64.0,61.0
980,59.25,61.0,57.0
981,56.5,59.0,54.0
982,54.75,58.0,52.0
983,53.0,57.0,50.0
984,52.5,58.0,50.0
985,52.0,57.0,50.0
986,51.75,57.0,50.0
987,52.75,57.0,50.0
988,54.5,62.0,52.0
989,56.0,64.0,52.0
990,57.75,66.0,55.0
991,58.0,67.0,54.0
992,57.75,68.0,54.0
993,58.75,71.0,54.0
994,59.0,68.0,55.0
995,59.5,68.0,56.0
996,58.25,68.0,54.0
997,57.75,67.0,54.0
998,56.5,63.0,54.0
999,55.5,60.0,54.0
1000,56.0,63.0,53.0
1001,56.0,62.0,54.0
1002,54.25,60.0,52.0
1003,53.0,61.0,50.0
1004,50.75,58.0,48.0
1005,49.25,57.0,46.0
1006,48.0,55.0,45.0
1007,47.5,55.0,45.0
1008,47.75,55.0,45.0
1009,47.25,55.0,44.0
1010,47.25,55.0,44.0
1011,47.0,55.0,43.0
1012,47.25,54.0,44.0
1013,48.75,54.0,46.0
1014,51.25,54.0,49.0
1015,53.0,54.0,52.0
1016,54.25,55.0,54.0
1017,56.25,57.0,54.0
1018,57.25,59.0,55.0
1019,58.0,59.0,55.0
1020,59.25,61.0,55.0
1021,59.75,63.0,55.0
1022,61.0,63.0,56.0
1023,60.75,63.0,55.0
1024,59.25,62.0,53.0
1025,59.25,61.0,54.0
1026,58.75,61.0,55.0
1027,57.75,59.0,56.0
1028,56.0,58.0,54.0
1029,54.0,55.0,52.0
1030,51.25,55.0,48.0
1031,49.0,53.0,46.0
1032,48.5,53.0,46.0
1033,48.75,53.0,46.0
1034,49.25,53.0,48.0
1035,50.25,54.0,48.0
1036,51.0,54.0,50.0
1037,52.0,55.0,50.0
1038,53.0,56.0,52.0
1039,53.25,57.0,52.0
1040,54.5,58.0,52.0
1041,56.25,61.0,54.0
1042,56.5,61.0,55.0
1043,57.5,64.0,55.0
1044,56.75,58.0,55.0
1045,57.0,57.0,57.0
1046,57.0,57.0,57.0
1047,56.5,58.0,54.0
1048,56.0,57.0,53.0
1049,56.0,58.0,52.0
1050,54.75,57.0,52.0
1051,54.0,56.0,52.0
1052,51.0,53.0,48.0
1053,48.25,51.0,46.0
1054,47.25,49.0,46.0
1055,46.5,48.0,46.0
1056,45.75,47.0,45.0
1057,44.75,45.0,44.0
1058,45.5,46.0,45.0
1059,46.5,50.0,45.0
1060,48.25,53.0,46.0
1061,51.25,56.0,49.0
1062,53.25,58.0,51.0
1063,55.5,61.0,53.0
1064,56.75,62.0,54.0
1065,58.0,63.0,55.0
1066,60.75,64.0,59.0
1067,61.0,64.0,59.0
1068,62.25,64.0,61.0
1069,64.0,65.0,63.0
1070,63.75,66.0,63.0
1071,64.75,68.0,63.0
1072,64.5,66.0,64.0
1073,64.25,66.0,63.0
1074,63.5,64.0,63.0
1075,61.0,62.0,59.0
1076,57.25,59.0,55.0
1077,55.25,56.0,55.0
1078,53.5,54.0,53.0
1079,52.75,54.0,50.0
1080,51.5,53.0,49.0
1081,49.5,50.0,48.0
1082,51.0,54.0,48.0
1083,54.25,57.0,51.0
1084,56.666666666666664,57.0,56.0
1085,60.666666666666664,62.0,59.0
1086,63.75,66.0,62.0
1087,64.75,67.0,64.0
1088,65.0,66.0,63.0
1089,65.75,68.0,60.0
1090,66.5,68.0,63.0
1091,66.75,68.0,63.0
1092,66.75,69.0,64.0
1093,66.75,68.0,64.0
1094,67.25,68.0,66.0
1095,66.5,67.0,66.0
1096,65.0,66.0,64.0
1097,64.0,65.0,63.0
1098,62.0,64.0,60.0
1099,60.0,62.0,58.0
1100,57.5,60.0,56.0
1101,56.5,58.0,55.0
1102,54.0,56.0,52.0
1103,53.0,56.0,50.0
1104,51.25,54.0,50.0
1105,51.25,54.0,50.0
1106,52.5,54.0,52.0
1107,53.25,57.0,52.0
1108,55.25,62.0,52.0
1109,59.0,67.0,55.0
1110,62.75,67.0,60.0
1111,64.75,68.0,63.0
1112,66.75,70.0,64.0
1113,67.5,71.0,66.0
1114,68.5,72.0,66.0
1115,70.0,72.0,68.0
1116,70.0,73.0,68.0
1117,70.0,71.0,69.0
1118,70.0,71.0,69.0
1119,70.0,70.0,70.0
1120,69.5,70.0,68.0
1121,69.25,70.0,68.0
1122,68.25,70.0,66.0
1123,65.0,67.0,63.0
1124,62.5,64.0,61.0
1125,60.25,62.0,59.0
1126,59.0,60.0,57.0
1127,57.5,59.0,55.0
1128,56.5,58.0,55.0
1129,55.75,57.0,54.0
1130,55.5,58.0,54.0
1131,56.5,60.0,55.0
1132,58.0,64.0,55.0
1133,60.0,67.0,57.0
1134,62.0,70.0,58.0
1135,63.75,72.0,61.0
1136,65.0,74.0,61.0
1137,65.25,71.0,63.0
1138,65.5,68.0,64.0
1139,66.0,71.0,64.0
1140,66.5,75.0,63.0
1141,67.25,74.0,64.0
1142,67.75,72.0,66.0
1143,67.75,71.0,66.0
1144,67.25,72.0,64.0
1145,65.5,69.0,64.0
1146,64.25,67.0,61.0
1147,61.25,67.0,57.0
1148,59.666666666666664,66.0,55.0
1149,57.25,64.0,54.0
1150,56.25,62.0,54.0
1151,55.75,60.0,54.0
1152,55.25,59.0,54.0
1153,55.0,58.0,54.0
1154,55.0,58.0,54.0
1155,56.25,60.0,55.0
1156,56.5,61.0,55.0
1157,56.75,61.0,55.0
1158,56.75,62.0,55.0
1159,57.75,63.0,55.0
1160,58.5,63.0,55.0
1161,56.25,62.0,54.0
1162,56.75,64.0,54.0
1163,58.75,65.0,56.0
1164,60.0,66.0,57.0
1165,59.0,65.0,57.0
1166,58.5,62.0,57.0
1167,57.5,62.0,55.0
1168,57.0,63.0,54.0
1169,57.25,66.0,54.0
1170,57.0,66.0,54.0
1171,55.5,65.0,52.0
1172,54.75,63.0,52.0
1173,54.75,63.0,52.0
1174,52.75,60.0,50.0
1175,51.75,61.0,48.0
1176,51.75,60.0,48.0
1177,51.0,59.0,48.0
1178,51.5,59.0,48.0
1179,52.5,59.0,50.0
1180,53.5,61.0,50.0
1181,55.5,64.0,52.0
1182,55.75,64.0,52.0
1183,57.25,65.0,54.0
1184,57.25,63.0,55.0
1185,57.5,64.0,55.0
1186,59.5,68.0,55.0
1187,60.75,70.0,57.0
1188,62.5,72.0,59.0
1189,62.75,72.0,57.0
1190,61.75,71.0,57.0
1191,61.75,72.0,57.0
1192,60.75,69.0,57.0
1193,59.75,67.0,57.0
1194,58.5,64.0,55.0
1195,57.0,62.0,54.0
1196,55.25,60.0,52.0
1197,53.25,58.0,50.0
1198,53.0,58.0,50.0
1199,51.5,56.0,50.0
1200,51.25,56.0,48.0
1201,48.5,55.0,45.0
1202,48.75,55.0,46.0
1203,49.25,53.0,48.0
1204,51.25,54.0,49.0
1205,52.5,54.0,52.0
1206,53.5,54.0,52.0
1207,54.5,56.0,52.0
1208,55.75,57.0,52.0
1209,57.75,61.0,54.0
1210,58.25,60.0,57.0
1211,60.75,63.0,59.0
1212,60.0,63.0,59.0
1213,56.0,62.0,52.0
1214,55.0,57.0,52.0
1215,55.75,57.0,55.0
1216,54.75,55.0,54.0
1217,53.75,55.0,52.0
1218,51.25,55.0,48.0
1219,48.5,54.0,45.0
1220,46.0,53.0,43.0
1221,44.25,51.0,41.0
1222,42.75,51.0,39.0
1223,41.0,50.0,37.0
1224,40.5,49.0,37.0
1225,40.0,49.0,36.0
1226,39.75,49.0,36.0
1227,40.25,49.0,37.0
1228,41.5,51.0,37.0
1229,41.75,53.0,37.0
1230,44.0,56.0,39.0
1231,44.75,56.0,39.0
1232,45.25,56.0,39.0
1233,46.25,59.0,41.0
1234,47.25,60.0,43.0
1235,46.75,59.0,41.0
1236,49.0,63.0,43.0
1237,45.25,50.0,43.0
1238,44.75,50.0,43.0
1239,45.0,52.0,41.0
1240,44.25,53.0,41.0
1241,44.25,57.0,39.0
1242,43.25,55.0,39.0
1243,43.0,54.0,39.0
1244,42.5,52.0,39.0
1245,41.5,51.0,37.0
1246,40.75,51.0,37.0
1247,40.25,49.0,37.0
1248,40.0,48.0,37.0
1249,40.0,48.0,37.0
1250,39.75,48.0,36.0
1251,40.0,50.0,36.0
1252,40.5,51.0,37.0
1253,42.25,55.0,37.0
1254,43.25,56.0,39.0
1255,45.0,58.0,40.0
1256,47.25,60.0,43.0
1257,47.5,60.0,43.0
1258,46.0,54.0,43.0
1259,49.5,63.0,45.0
1260,48.0,56.0,45.0
1261,48.25,55.0,46.0
1262,49.0,58.0,46.0
1263,48.75,59.0,45.0
1264,47.5,54.0,45.0
1265,47.25,55.0,44.0
1266,46.5,55.0,43.0
1267,45.5,52.0,43.0
1268,45.0,51.0,43.0
1269,44.0,48.0,42.0
1270,42.75,47.0,41.0
1271,42.75,47.0,41.0
1272,42.25,46.0,41.0
1273,41.75,44.0,41.0
1274,42.0,45.0,41.0
1275,42.5,46.0,41.0
1276,43.75,47.0,42.0
1277,44.75,51.0,42.0
1278,44.5,50.0,42.0
1279,46.0,51.0,43.0
1280,46.75,51.0,45.0
1281,47.5,52.0,46.0
1282,49.25,55.0,46.0
1283,50.25,56.0,48.0
1284,50.75,56.0,48.0
1285,51.0,55.0,49.0
1286,51.75,57.0,50.0
1287,51.75,55.0,50.0
1288,51.75,55.0,50.0
1289,51.0,54.0,50.0
1290,50.0,54.0,48.0
1291,48.5,54.0,46.0
1292,47.5,54.0,45.0
1293,46.25,53.0,43.0
1294,44.75,50.0,43.0
1295,44.5,50.0,42.0
1296,44.25,49.0,42.0
1297,43.25,49.0,41.0
1298,43.5,49.0,41.0
1299,43.5,51.0,41.0
1300,45.75,55.0,42.0
1301,46.25,56.0,43.0
1302,47.75,57.0,44.0
1303,49.0,58.0,45.0
1304,52.0,59.0,49.0
1305,54.5,60.0,52.0
1306,55.5,61.0,53.0
1307,55.5,59.0,54.0
1308,56.75,62.0,55.0
1309,56.75,60.0,55.0
1310,56.25,57.0,55.0
1311,56.25,57.0,55.0
1312,55.0,55.0,55.0
1313,54.5,55.0,54.0
1314,54.25,55.0,54.0
1315,52.5,54.0,52.0
1316,51.0,52.0,50.0
1317,50.25,51.0,50.0
1318,49.25,52.0,48.0
1319,48.5,53.0,46.0
1320,47.75,53.0,46.0
1321,48.0,54.0,46.0
1322,48.5,55.0,46.0
1323,50.0,55.0,47.0
1324,52.25,54.0,51.0
1325,54.75,56.0,54.0
1326,57.25,59.0,56.0
1327,57.75,59.0,57.0
1328,58.75,61.0,57.0
1329,59.75,61.0,59.0
1330,58.5,60.0,57.0
1331,56.0,61.0,52.0
1332,55.5,62.0,50.0
1333,53.0,60.0,50.0
1334,54.0,61.0,51.0
1335,53.75,59.0,52.0
1336,53.5,58.0,52.0
1337,53.25,58.0,51.0
1338,52.75,56.0,51.0
1339,51.75,56.0,50.0
1340,51.0,55.0,49.0
1341,50.5,55.0,48.0
1342,50.0,55.0,48.0
1343,49.75,54.0,48.0
1344,49.75,54.0,48.0
1345,49.5,53.0,48.0
1346,49.5,53.0,48.0
1347,50.25,54.0,48.0
1348,50.75,54.0,49.0
1349,51.25,56.0,49.0
1350,52.75,58.0,50.0
1351,53.5,59.0,51.0
1352,52.25,58.0,48.0
1353,52.0,59.0,49.0
1354,52.0,58.0,50.0
1355,53.5,59.0,51.0
1356,55.25,60.0,53.0
1357,55.0,58.0,54.0
1358,56.5,59.0,55.0
1359,54.75,57.0,52.0
1360,52.0,52.0,52.0
1361,52.0,52.0,52.0
1362,50.25,54.0,48.0
1363,49.5,53.0,48.0
1364,50.0,53.0,48.0
1365,49.5,53.0,48.0
1366,49.5,53.0,48.0
1367,49.5,53.0,48.0
1368,50.25,54.0,48.0
1369,51.25,55.0,50.0
1370,53.25,57.0,52.0
1371,53.25,56.0,52.0
1372,52.75,56.0,51.0
1373,53.5,58.0,52.0
1374,52.25,58.0,50.0
1375,54.25,60.0,51.0
1376,55.25,60.0,53.0
1377,56.75,60.0,55.0
1378,57.5,62.0,55.0
1379,56.5,59.0,55.0
1380,56.75,60.0,55.0
1381,56.0,59.0,54.0
1382,55.75,60.0,54.0
1383,54.5,58.0,52.0
1384,53.5,57.0,52.0
1385,53.25,56.0,52.0
1386,51.25,54.0,50.0
1387,50.25,53.0,48.0
1388,49.25,52.0,48.0
1389,48.25,51.0,46.0
1390,47.25,50.0,46.0
1391,47.5,51.0,46.0
1392,48.0,53.0,46.0
1393,49.0,55.0,46.0
1394,50.5,58.0,48.0
1395,51.25,60.0,48.0
1396,52.25,62.0,48.0
1397,53.5,64.0,50.0
1398,55.25,65.0,52.0
1399,56.0,65.0,52.0
1400,58.0,67.0,55.0
1401,58.5,66.0,55.0
1402,59.5,67.0,57.0
1403,60.25,66.0,57.0
1404,59.75,67.0,57.0
1405,59.5,66.0,57.0
1406,57.75,63.0,55.0
1407,54.75,60.0,52.0
1408,53.0,58.0,50.0
1409,51.75,56.0,50.0
1410,51.0,54.0,50.0
1411,50.75,53.0,50.0
1412,50.0,50.0,50.0
1413,49.75,50.0,49.0
1414,49.25,50.0,47.0
1415,49.5,50.0,48.0
1416,51.25,53.0,50.0
1417,53.5,58.0,52.0
1418,54.0,59.0,52.0
1419,55.0,61.0,52.0
1420,56.25,63.0,54.0
1421,57.25,64.0,55.0
1422,57.5,65.0,55.0
1423,58.25,67.0,55.0
1424,59.75,67.0,56.0
1425,62.5,68.0,60.0
1426,64.0,68.0,62.0
1427,64.5,66.0,64.0
1428,64.5,67.0,63.0
1429,63.25,67.0,59.0
1430,60.75,66.0,59.0
1431,59.25,65.0,57.0
1432,58.5,64.0,55.0
1433,57.0,63.0,55.0
1434,56.5,63.0,54.0
1435,55.75,62.0,53.0
1436,54.25,61.0,52.0
1437,53.5,60.0,50.0
1438,52.75,58.0,50.0
1439,53.75,58.0,52.0
1440,55.5,58.0,53.0
1441,59.0,59.0,59.0
1442,60.0,60.0,60.0
1443,62.0,63.0,61.0
1444,62.333333333333336,63.0,61.0
1445,64.0,64.0,64.0
1446,66.0,66.0,66.0
1447,66.0,66.0,66.0
1448,67.66666666666667,68.0,67.0
1449,67.75,69.0,66.0
1450,68.75,70.0,67.0
1451,69.0,70.0,66.0
1452,69.0,70.0,66.0
1453,68.75,70.0,65.0
1454,67.75,70.0,65.0
1455,65.5,67.0,64.0
1456,63.5,65.0,63.0
1457,61.0,61.0,61.0
1458,60.25,63.0,59.0
1459,58.5,62.0,57.0
1460,57.75,61.0,56.0
1461,57.25,59.0,56.0
1462,57.0,57.0,57.0
1463,57.25,58.0,57.0
1464,56.25,57.0,55.0
1465,57.0,59.0,56.0
1466,58.75,61.0,57.0
1467,60.5,63.0,57.0
1468,62.0,64.0,58.0
1469,63.75,66.0,58.0
1470,65.5,68.0,59.0
1471,66.25,70.0,57.0
1472,66.75,70.0,57.0
1473,65.75,70.0,56.0
1474,67.0,72.0,56.0
1475,67.0,71.0,57.0
1476,66.75,71.0,56.0
1477,67.0,70.0,58.0
1478,65.5,69.0,57.0
1479,63.75,67.0,56.0
1480,62.0,65.0,56.0
1481,59.75,62.0,57.0
1482,58.25,59.0,57.0
1483,56.75,58.0,55.0
1484,55.5,59.0,54.0
1485,54.75,59.0,52.0
1486,55.0,59.0,53.0
1487,55.25,59.0,54.0
1488,56.0,59.0,55.0
1489,58.0,59.0,57.0
1490,60.25,61.0,59.0
1491,62.5,64.0,59.0
1492,64.75,68.0,60.0
1493,66.5,68.0,62.0
1494,67.25,70.0,63.0
1495,68.75,72.0,64.0
1496,69.5,72.0,65.0
1497,69.75,72.0,65.0
1498,69.75,72.0,66.0
1499,68.75,71.0,66.0
1500,68.75,70.0,65.0
1501,68.25,70.0,65.0
1502,66.75,69.0,64.0
1503,64.75,67.0,62.0
1504,63.5,66.0,60.0
1505,62.75,64.0,60.0
1506,61.75,63.0,59.0
1507,61.25,63.0,59.0
1508,58.75,59.0,58.0
1509,57.5,58.0,57.0
1510,57.0,57.0,57.0
1511,57.0,57.0,57.0
1512,57.5,59.0,57.0
1513,59.0,61.0,58.0
1514,61.25,63.0,58.0
1515,61.75,63.0,59.0
1516,63.75,68.0,57.0
1517,65.25,69.0,56.0
1518,66.5,70.0,58.0
1519,68.0,72.0,58.0
1520,67.25,70.0,59.0
1521,68.0,72.0,58.0
1522,70.25,73.0,64.0
1523,69.75,73.0,62.0
1524,72.33333333333333,73.0,72.0
1525,68.25,72.0,61.0
1526,65.75,68.0,59.0
1527,64.25,67.0,58.0
1528,63.5,66.0,56.0
1529,63.0,66.0,55.0
1530,60.5,64.0,54.0
1531,57.75,62.0,55.0
1532,57.0,59.0,55.0
1533,55.5,58.0,54.0
1534,55.25,58.0,53.0
1535,56.25,57.0,54.0
1536,57.0,59.0,54.0
1537,59.0,61.0,56.0
1538,60.25,61.0,58.0
1539,61.5,63.0,58.0
1540,63.0,66.0,59.0
1541,66.25,70.0,60.0
1542,69.0,73.0,60.0
1543,68.25,72.0,57.0
1544,69.25,73.0,60.0
1545,69.5,73.0,61.0
1546,65.75,72.0,63.0
1547,62.5,64.0,61.0
1548,62.5,63.0,61.0
1549,61.25,63.0,58.0
1550,60.75,63.0,58.0
1551,60.25,62.0,57.0
1552,60.0,62.0,56.0
1553,59.25,61.0,56.0
1554,58.0,60.0,54.0
1555,56.75,58.0,55.0
1556,55.25,56.0,55.0
1557,55.25,56.0,55.0
1558,55.0,56.0,54.0
1559,53.75,55.0,52.0
1560,53.0,55.0,52.0
1561,52.75,55.0,52.0
1562,53.0,55.0,52.0
1563,52.5,56.0,50.0
1564,51.75,56.0,50.0
1565,51.5,58.0,48.0
1566,51.75,58.0,49.0
1567,52.25,60.0,49.0
1568,52.75,63.0,48.0
1569,52.25,64.0,48.0
1570,52.0,63.0,48.0
1571,51.75,62.0,48.0
1572,50.75,61.0,46.0
1573,50.5,63.0,46.0
1574,50.0,59.0,46.0
1575,49.25,58.0,46.0
1576,48.75,56.0,46.0
1577,47.75,53.0,46.0
1578,47.0,50.0,45.0
1579,46.25,49.0,45.0
1580,46.0,49.0,45.0
1581,46.0,49.0,45.0
1582,44.5,48.0,43.0
1583,42.75,47.0,41.0
1584,42.5,47.0,41.0
1585,43.0,49.0,41.0
1586,43.5,51.0,41.0
1587,43.0,51.0,39.0
1588,43.75,53.0,40.0
1589,44.5,55.0,41.0
1590,45.0,57.0,41.0
1591,46.0,58.0,41.0
1592,46.0,55.0,43.0
1593,48.0,58.0,44.0
1594,48.75,60.0,45.0
1595,48.5,59.0,45.0
1596,48.75,59.0,45.0
1597,48.0,55.0,45.0
1598,48.75,57.0,46.0
1599,47.0,52.0,45.0
1600,47.25,53.0,45.0
1601,46.0,51.0,43.0
1602,44.25,47.0,43.0
1603,43.0,47.0,41.0
1604,42.25,47.0,39.0
1605,41.75,47.0,39.0
1606,41.25,46.0,39.0
1607,42.75,47.0,41.0
1608,45.25,49.0,43.0
1609,47.0,52.0,45.0
1610,49.0,55.0,46.0
1611,51.25,58.0,48.0
1612,53.75,60.0,51.0
1613,56.25,64.0,53.0
1614,57.5,65.0,55.0
1615,59.0,67.0,55.0
1616,59.25,63.0,57.0
1617,61.25,66.0,59.0
1618,60.75,65.0,59.0
1619,61.75,67.0,59.0
1620,61.5,65.0,59.0
1621,61.0,63.0,59.0
1622,59.75,63.0,57.0
1623,58.25,61.0,57.0
1624,57.5,61.0,55.0
1625,55.75,58.0,54.0
1626,54.25,58.0,52.0
1627,52.5,55.0,50.0
1628,51.25,53.0,50.0
1629,51.0,53.0,48.0
1630,49.75,52.0,48.0
1631,51.0,52.0,50.0
1632,53.0,54.0,52.0
1633,54.75,56.0,54.0
1634,57.75,61.0,56.0
1635,59.5,64.0,57.0
1636,62.0,66.0,60.0
1637,64.25,68.0,63.0
1638,62.75,64.0,61.0
1639,64.25,66.0,63.0
1640,63.75,64.0,63.0
1641,64.5,66.0,64.0
1642,64.25,66.0,62.0
1643,65.75,70.0,64.0
1644,66.0,67.0,65.0
1645,65.5,66.0,65.0
1646,65.0,67.0,63.0
1647,62.75,65.0,61.0
1648,62.0,63.0,61.0
1649,60.0,61.0,59.0
1650,58.75,59.0,58.0
1651,57.5,59.0,55.0
1652,56.25,58.0,55.0
1653,55.0,56.0,54.0
1654,54.0,56.0,52.0
1655,54.75,55.0,54.0
1656,55.75,58.0,54.0
1657,58.25,59.0,57.0
1658,60.25,61.0,59.0
1659,63.0,64.0,62.0
1660,63.25,64.0,63.0
1661,64.0,65.0,63.0
1662,65.75,66.0,65.0
1663,66.75,68.0,66.0
1664,68.0,68.0,68.0
1665,68.0,68.0,68.0
1666,68.25,69.0,68.0
1667,68.5,69.0,68.0
1668,69.0,71.0,68.0
1669,67.75,68.0,67.0
1670,67.0,68.0,66.0
1671,65.25,66.0,64.0
1672,63.75,64.0,63.0
1673,62.5,63.0,61.0
1674,60.5,63.0,59.0
1675,59.25,61.0,58.0
1676,57.5,60.0,56.0
1677,55.25,57.0,54.0
1678,54.75,56.0,54.0
1679,56.25,57.0,54.0
1680,58.0,59.0,57.0
1681,58.5,62.0,57.0
1682,59.5,65.0,57.0
1683,63.5,68.0,61.0
1684,65.75,68.0,64.0
1685,67.0,68.0,66.0
1686,68.0,68.0,68.0
1687,69.0,70.0,68.0
1688,70.25,72.0,68.0
1689,68.5,71.0,66.0
1690,68.5,71.0,67.0
1691,67.75,72.0,66.0
1692,67.0,71.0,64.0
1693,62.25,69.0,59.0
1694,61.25,68.0,59.0
1695,60.75,66.0,59.0
1696,60.25,64.0,59.0
1697,58.5,62.0,57.0
1698,57.75,60.0,57.0
1699,56.25,59.0,55.0
1700,56.0,59.0,55.0
1701,56.0,59.0,55.0
1702,56.25,59.0,55.0
1703,56.0,59.0,55.0
1704,56.0,59.0,55.0
1705,57.0,62.0,55.0
1706,57.5,62.0,55.0
1707,60.5,64.0,58.0
1708,62.25,64.0,61.0
1709,64.25,66.0,63.0
1710,65.5,66.0,64.0
1711,66.75,69.0,64.0
1712,65.5,66.0,64.0
1713,66.75,68.0,66.0
1714,66.25,68.0,64.0
1715,66.25,68.0,64.0
1716,66.25,68.0,62.0
1717,65.5,68.0,61.0
1718,65.0,67.0,61.0
1719,63.5,65.0,61.0
1720,63.5,64.0,62.0
1721,63.0,64.0,62.0
1722,62.25,63.0,61.0
1723,61.25,63.0,60.0
1724,60.25,63.0,59.0
1725,58.5,62.0,57.0
1726,57.0,60.0,55.0
1727,57.25,59.0,56.0
1728,57.25,59.0,56.0
1729,57.5,59.0,57.0
1730,59.25,61.0,58.0
1731,60.75,61.0,60.0
1732,62.0,63.0,60.0
1733,62.75,63.0,62.0
1734,61.0,62.0,59.0
1735,60.5,64.0,59.0
1736,59.75,63.0,58.0
1737,60.75,66.0,59.0
1738,61.5,69.0,59.0
1739,61.0,66.0,59.0
1740,62.25,67.0,60.0
1741,62.0,66.0,60.0
1742,61.5,64.0,60.0
1743,61.25,63.0,60.0
1744,60.75,61.0,60.0
1745,60.25,61.0,59.0
1746,59.5,61.0,58.0
1747,59.75,61.0,57.0
1748,58.75,60.0,57.0
1749,59.25,61.0,57.0
1750,60.0,61.0,58.0
1751,60.0,61.0,58.0
1752,59.0,60.0,58.0
1753,59.0,59.0,59.0
1754,59.25,60.0,59.0
1755,59.0,59.0,59.0
1756,58.75,61.0,57.0
1757,60.0,62.0,58.0
1758,62.0,66.0,60.0
1759,61.0,65.0,59.0
1760,61.25,63.0,60.0
1761,61.0,63.0,60.0
1762,61.75,63.0,59.0
1763,62.0,64.0,58.0
1764,62.5,64.0,59.0
1765,61.75,64.0,56.0
1766,61.25,64.0,55.0
1767,59.75,63.0,55.0
1768,57.0,59.0,55.0
1769,57.25,59.0,55.0
1770,56.25,58.0,53.0
1771,56.0,58.0,52.0
1772,55.75,57.0,52.0
1773,55.5,57.0,51.0
1774,55.5,57.0,51.0
1775,56.0,59.0,51.0
1776,57.0,59.0,52.0
1777,59.25,63.0,53.0
1778,62.5,66.0,56.0
1779,64.25,68.0,57.0
1780,66.5,70.0,59.0
1781,67.5,70.0,61.0
1782,69.5,72.0,64.0
1783,69.25,72.0,64.0
1784,59.5,66.0,54.0
1785,57.5,68.0,54.0
1786,57.5,68.0,54.0
1787,57.5,68.0,54.0
1788,58.75,68.0,55.0
1789,59.25,67.0,56.0
1790,58.75,65.0,55.0
1791,57.0,62.0,55.0
1792,55.5,59.0,54.0
1793,53.25,55.0,52.0
1794,52.5,54.0,52.0
1795,52.0,52.0,52.0
1796,50.25,51.0,50.0
1797,49.5,50.0,49.0
1798,49.25,50.0,48.0
1799,49.25,50.0,47.0
1800,51.25,52.0,50.0
1801,52.75,55.0,52.0
1802,55.25,60.0,52.0
1803,56.75,62.0,55.0
1804,58.75,65.0,56.0
1805,60.25,68.0,57.0
1806,60.25,65.0,58.0
1807,62.25,69.0,58.0
1808,63.5,69.0,61.0
1809,62.5,70.0,59.0
1810,63.75,71.0,60.0
1811,63.5,72.0,60.0
1812,64.0,72.0,61.0
1813,63.0,71.0,59.0
1814,62.75,70.0,59.0
1815,62.0,68.0,59.0
1816,59.0,64.0,55.0
1817,56.75,60.0,54.0
1818,54.25,58.0,52.0
1819,52.5,56.0,50.0
1820,51.75,55.0,50.0
1821,50.25,54.0,48.0
1822,50.25,55.0,48.0
1823,50.0,52.0,48.0
1824,53.25,56.0,51.0
1825,56.0,58.0,54.0
1826,59.25,62.0,57.0
1827,62.75,65.0,60.0
1828,64.25,68.0,63.0
1829,65.5,70.0,64.0
1830,67.0,71.0,65.0
1831,67.25,69.0,66.0
1832,67.25,70.0,66.0
1833,68.0,73.0,66.0
1834,69.0,73.0,67.0
1835,69.75,73.0,68.0
1836,69.75,72.0,68.0
1837,67.5,70.0,66.0
1838,66.75,68.0,66.0
1839,65.0,66.0,64.0
1840,63.25,64.0,63.0
1841,60.5,61.0,59.0
1842,59.25,60.0,59.0
1843,57.75,59.0,57.0
1844,57.0,58.0,56.0
1845,55.5,56.0,55.0
1846,55.5,56.0,55.0
1847,56.75,58.0,55.0
1848,58.0,60.0,57.0
1849,58.5,60.0,57.0
1850,59.75,61.0,59.0
1851,63.25,68.0,61.0
1852,65.5,68.0,60.0
1853,66.5,70.0,59.0
1854,69.33333333333333,70.0,68.0
1855,64.5,68.0,58.0
1856,64.5,68.0,58.0
1857,66.5,70.0,60.0
1858,64.5,68.0,62.0
1859,64.25,65.0,63.0
1860,63.333333333333336,64.0,63.0
1861,63.5,64.0,63.0
1862,61.75,63.0,61.0
1863,60.0,61.0,59.0
1864,60.0,61.0,59.0
1865,58.0,60.0,57.0
1866,57.333333333333336,58.0,57.0
1867,55.25,57.0,54.0
1868,54.25,55.0,53.0
1869,54.0,55.0,52.0
1870,54.25,55.0,52.0
1871,54.25,55.0,52.0
1872,54.333333333333336,55.0,54.0
1873,54.75,55.0,54.0
1874,55.75,58.0,55.0
1875,56.5,60.0,55.0
1876,57.0,62.0,55.0
1877,57.75,65.0,55.0
1878,56.0,57.0,55.0
1879,58.75,65.0,56.0
1880,58.0,66.0,55.0
1881,56.5,60.0,55.0
1882,55.75,59.0,54.0
1883,56.25,61.0,54.0
1884,54.0,54.0,54.0
1885,56.75,66.0,53.0
1886,56.25,64.0,53.0
1887,55.75,62.0,53.0
1888,54.25,60.0,52.0
1889,52.75,58.0,50.0
1890,50.0,50.0,50.0
1891,51.0,54.0,50.0
1892,49.5,53.0,48.0
1893,48.5,51.0,47.0
1894,49.0,51.0,48.0
1895,49.75,50.0,49.0
1896,50.666666666666664,52.0,50.0
1897,52.5,54.0,52.0
1898,54.25,56.0,53.0
1899,54.75,58.0,53.0
1900,55.5,59.0,54.0
1901,55.75,61.0,54.0
1902,54.0,54.0,54.0
1903,54.5,55.0,54.0
1904,55.0,57.0,54.0
1905,56.0,61.0,54.0
1906,55.75,60.0,54.0
1907,55.75,60.0,54.0
1908,53.333333333333336,54.0,52.0
1909,54.0,59.0,52.0
1910,53.75,58.0,52.0
1911,53.75,58.0,52.0
1912,53.25,57.0,52.0
1913,52.0,56.0,50.0
1914,50.333333333333336,51.0,50.0
1915,51.5,55.0,50.0
1916,51.25,55.0,50.0
1917,50.75,55.0,48.0
1918,49.75,54.0,48.0
1919,49.75,54.0,48.0
1920,50.25,54.0,48.0
1921,51.25,55.0,50.0
1922,51.75,56.0,50.0
1923,51.75,57.0,50.0
1924,53.75,58.0,51.0
1925,55.0,59.0,53.0
1926,55.5,60.0,54.0
1927,56.0,60.0,54.0
1928,55.75,57.0,55.0
1929,57.75,61.0,56.0
1930,59.0,63.0,57.0
1931,60.0,64.0,57.0
1932,58.5,62.0,57.0
1933,59.333333333333336,63.0,57.0
1934,57.0,61.0,55.0
1935,56.5,61.0,54.0
1936,55.0,57.0,54.0
1937,54.5,58.0,52.0
1938,53.75,58.0,52.0
1939,53.25,57.0,52.0
1940,52.25,53.0,52.0
1941,50.5,51.0,50.0
1942,50.25,51.0,50.0
1943,49.75,50.0,49.0
1944,50.75,53.0,50.0
1945,52.0,56.0,50.0
1946,53.5,59.0,51.0
1947,55.25,61.0,52.0
1948,56.25,63.0,54.0
1949,56.75,62.0,55.0
1950,55.75,64.0,52.0
1951,56.0,64.0,52.0
1952,56.0,65.0,52.0
1953,56.75,67.0,52.0
1954,58.5,69.0,55.0
1955,59.5,70.0,55.0
1956,58.5,69.0,54.0
1957,58.0,69.0,54.0
1958,57.25,65.0,54.0
1959,56.0,64.0,52.0
1960,54.0,62.0,50.0
1961,52.5,59.0,50.0
1962,50.75,55.0,48.0
1963,50.0,55.0,48.0
1964,50.25,57.0,48.0
1965,50.0,55.0,48.0
1966,49.0,51.0,48.0
1967,48.75,50.0,48.0
1968,50.25,52.0,49.0
1969,51.75,56.0,49.0
1970,53.75,60.0,51.0
1971,54.75,63.0,52.0
1972,56.5,64.0,54.0
1973,56.5,64.0,54.0
1974,57.75,67.0,54.0
1975,58.5,67.0,55.0
1976,58.75,67.0,55.0
1977,59.5,65.0,57.0
1978,59.5,66.0,57.0
1979,59.25,61.0,58.0
1980,59.25,61.0,58.0
1981,60.75,66.0,59.0
1982,60.25,64.0,59.0
1983,59.0,61.0,57.0
1984,56.75,59.0,55.0
1985,55.0,57.0,54.0
1986,55.0,56.0,54.0
1987,54.5,55.0,54.0
1988,54.5,55.0,54.0
1989,53.5,55.0,52.0
1990,52.5,53.0,52.0
1991,50.75,52.0,50.0
1992,52.25,54.0,51.0
1993,53.25,57.0,52.0
1994,55.75,61.0,53.0
1995,58.0,64.0,55.0
1996,60.25,65.0,58.0
1997,62.25,67.0,59.0
1998,64.0,67.0,63.0
1999,64.5,69.0,63.0
2000,64.25,66.0,63.0
2001,64.25,66.0,63.0
2002,65.75,68.0,64.0
2003,67.25,71.0,66.0
2004,66.0,68.0,64.0
2005,65.5,69.0,64.0
2006,64.25,65.0,63.0
2007,64.0,66.0,63.0
2008,62.25,63.0,61.0
2009,60.25,61.0,59.0
2010,59.25,60.0,59.0
2011,57.5,59.0,57.0
2012,55.5,57.0,54.0
2013,54.75,56.0,54.0
2014,54.25,55.0,54.0
2015,52.5,54.0,52.0
2016,53.75,54.0,53.0
2017,55.75,58.0,55.0
2018,57.5,60.0,56.0
2019,60.25,63.0,58.0
2020,61.75,63.0,60.0
2021,63.75,64.0,63.0
2022,65.25,66.0,63.0
2023,66.25,68.0,62.0
2024,67.5,70.0,62.0
2025,68.5,72.0,62.0
2026,68.25,71.0,62.0
2027,68.0,70.0,62.0
2028,68.0,70.0,63.0
2029,67.25,70.0,62.0
2030,66.25,68.0,62.0
2031,64.5,67.0,61.0
2032,63.5,65.0,61.0
2033,62.5,64.0,60.0
2034,61.0,62.0,60.0
2035,60.75,61.0,60.0
2036,60.25,61.0,58.0
2037,58.5,60.0,56.0
2038,57.75,59.0,56.0
2039,57.5,58.0,57.0
2040,58.5,59.0,58.0
2041,60.25,61.0,59.0
2042,62.25,64.0,60.0
2043,64.25,66.0,63.0
2044,66.25,68.0,65.0
2045,68.0,70.0,64.0
2046,69.0,72.0,64.0
2047,70.25,73.0,64.0
2048,71.5,74.0,66.0
2049,71.0,75.0,62.0
2050,72.25,75.0,64.0
2051,72.25,75.0,64.0
2052,71.5,75.0,64.0
2053,71.0,74.0,64.0
2054,70.5,73.0,64.0
2055,67.5,72.0,62.0
2056,66.75,69.0,62.0
2057,64.75,67.0,60.0
2058,62.75,65.0,58.0
2059,60.0,63.0,57.0
2060,57.25,60.0,55.0
2061,55.75,57.0,55.0
2062,54.75,56.0,54.0
2063,55.25,56.0,55.0
2064,57.25,59.0,55.0
2065,59.75,63.0,56.0
2066,61.75,63.0,59.0
2067,64.25,66.0,62.0
2068,66.25,68.0,64.0
2069,68.25,70.0,66.0
2070,69.75,72.0,67.0
2071,71.0,73.0,68.0
2072,71.5,73.0,67.0
2073,71.75,74.0,67.0
2074,73.25,75.0,68.0
2075,74.25,75.0,72.0
2076,72.5,74.0,70.0
2077,72.25,74.0,69.0
2078,71.0,73.0,66.0
2079,70.5,73.0,65.0
2080,67.5,70.0,62.0
2081,66.0,68.0,62.0
2082,64.5,67.0,61.0
2083,62.75,64.0,59.0
2084,62.0,64.0,59.0
2085,60.25,61.0,59.0
2086,58.5,59.0,58.0
2087,58.0,59.0,57.0
2088,59.75,61.0,59.0
2089,62.25,63.0,61.0
2090,63.75,64.0,63.0
2091,65.25,66.0,64.0
2092,67.25,69.0,66.0
2093,69.25,71.0,68.0
2094,70.5,72.0,68.0
2095,71.75,72.0,71.0
2096,72.25,73.0,71.0
2097,72.25,73.0,70.0
2098,72.0,73.0,70.0
2099,71.25,75.0,68.0
2100,66.25,69.0,63.0
2101,64.25,69.0,61.0
2102,63.25,68.0,61.0
2103,62.75,67.0,61.0
2104,61.5,66.0,59.0
2105,60.75,66.0,59.0
2106,59.5,66.0,57.0
2107,59.75,65.0,57.0
2108,59.25,65.0,57.0
2109,58.5,65.0,55.0
2110,57.25,63.0,55.0
2111,57.0,63.0,55.0
2112,57.25,64.0,55.0
2113,59.25,65.0,56.0
2114,61.75,65.0,60.0
2115,64.0,67.0,62.0
2116,66.5,68.0,65.0
2117,69.0,70.0,68.0
2118,71.0,72.0,70.0
2119,72.25,73.0,72.0
2120,73.0,74.0,72.0
2121,72.5,73.0,72.0
2122,74.25,75.0,73.0
2123,73.0,75.0,71.0
2124,71.75,74.0,67.0
2125,70.75,73.0,64.0
2126,70.25,73.0,62.0
2127,69.5,73.0,63.0
2128,67.0,69.0,63.0
2129,66.5,68.0,63.0
2130,65.75,68.0,62.0
2131,63.25,65.0,61.0
2132,62.75,63.0,62.0
2133,61.75,63.0,61.0
2134,60.25,61.0,59.0
2135,59.25,61.0,58.0
2136,60.5,62.0,58.0
2137,62.5,64.0,61.0
2138,64.25,66.0,63.0
2139,65.5,66.0,64.0
2140,68.0,70.0,65.0
2141,69.75,72.0,65.0
2142,70.75,73.0,65.0
2143,69.75,73.0,65.0
2144,65.5,66.0,64.0
2145,67.0,68.0,65.0
2146,66.0,67.0,64.0
2147,63.75,70.0,61.0
2148,63.25,70.0,61.0
2149,62.0,70.0,59.0
2150,61.0,67.0,59.0
2151,59.5,64.0,57.0
2152,58.5,63.0,57.0
2153,57.5,62.0,55.0
2154,56.25,61.0,54.0
2155,55.5,60.0,54.0
2156,54.75,60.0,52.0
2157,54.25,58.0,52.0
2158,53.5,58.0,52.0
2159,54.25,57.0,52.0
2160,55.25,58.0,54.0
2161,56.75,60.0,55.0
2162,59.75,62.0,57.0
2163,62.25,65.0,60.0
2164,64.25,67.0,63.0
2165,66.25,68.0,65.0
2166,67.25,69.0,66.0
2167,68.5,70.0,68.0
2168,68.75,71.0,68.0
2169,69.5,72.0,68.0
2170,69.0,72.0,68.0
2171,70.0,73.0,68.0
2172,68.75,71.0,68.0
2173,67.75,69.0,66.0
2174,65.5,67.0,64.0
2175,64.0,65.0,63.0
2176,61.5,63.0,59.0
2177,59.75,63.0,57.0
2178,57.0,61.0,55.0
2179,56.5,60.0,55.0
2180,56.25,59.0,55.0
2181,56.5,60.0,55.0
2182,56.75,61.0,55.0
2183,57.0,62.0,55.0
2184,57.25,61.0,55.0
2185,58.25,62.0,57.0
2186,58.25,62.0,57.0
2187,59.5,63.0,57.0
2188,62.0,66.0,59.0
2189,64.0,65.0,63.0
2190,65.5,66.0,64.0
2191,67.0,68.0,65.0
2192,66.75,68.0,66.0
2193,67.75,70.0,66.0
2194,68.25,70.0,67.0
2195,70.0,72.0,68.0
2196,70.25,71.0,70.0
2197,69.25,70.0,68.0
2198,68.25,69.0,68.0
2199,66.25,68.0,64.0
2200,64.25,65.0,64.0
2201,61.5,62.0,61.0
2202,60.0,61.0,57.0
2203,58.25,61.0,57.0
2204,58.0,61.0,57.0
2205,57.5,61.0,55.0
2206,56.5,60.0,55.0
2207,57.0,60.0,55.0
2208,57.75,61.0,56.0
2209,60.25,64.0,59.0
2210,60.0,66.0,57.0
2211,61.5,69.0,59.0
2212,61.75,70.0,59.0
2213,61.75,70.0,59.0
2214,62.5,71.0,59.0
2215,64.75,73.0,61.0
2216,64.5,73.0,60.0
2217,66.5,72.0,64.0
2218,65.75,72.0,63.0
2219,66.25,71.0,63.0
2220,62.25,67.0,59.0
2221,62.25,67.0,60.0
2222,61.5,66.0,59.0
2223,60.25,65.0,57.0
2224,58.75,63.0,57.0
2225,58.75,64.0,57.0
2226,58.5,63.0,57.0
2227,58.0,63.0,55.0
2228,57.25,63.0,55.0
2229,56.25,64.0,52.0
2230,56.5,64.0,54.0
2231,56.0,63.0,53.0
2232,55.75,62.0,53.0
2233,56.0,61.0,54.0
2234,56.25,60.0,55.0
2235,58.25,61.0,56.0
2236,60.0,61.0,59.0
2237,62.5,63.0,61.0
2238,63.25,65.0,61.0
2239,64.25,65.0,64.0
2240,65.0,67.0,64.0
2241,66.0,66.0,66.0
2242,67.5,69.0,66.0
2243,67.0,69.0,66.0
2244,65.75,67.0,64.0
2245,67.0,69.0,66.0
2246,66.5,68.0,66.0
2247,64.0,66.0,61.0
2248,61.0,64.0,59.0
2249,59.25,63.0,57.0
2250,58.25,62.0,55.0
2251,57.25,62.0,55.0
2252,56.75,61.0,54.0
2253,56.5,62.0,54.0
2254,56.5,61.0,54.0
2255,57.5,60.0,56.0
2256,57.0,61.0,55.0
2257,57.5,62.0,55.0
2258,58.75,64.0,57.0
2259,60.25,65.0,58.0
2260,62.5,68.0,60.0
2261,64.0,67.0,63.0
2262,63.0,67.0,57.0
2263,61.75,68.0,59.0
2264,64.25,68.0,62.0
2265,62.75,71.0,59.0
2266,64.25,71.0,59.0
2267,65.25,70.0,63.0
2268,64.5,69.0,63.0
2269,63.75,68.0,61.0
2270,61.25,66.0,59.0
2271,58.5,62.0,57.0
2272,58.25,61.0,57.0
2273,57.25,60.0,55.0
2274,55.25,60.0,52.0
2275,54.0,61.0,50.0
2276,53.0,61.0,50.0
2277,51.5,61.0,48.0
2278,51.5,61.0,48.0
2279,51.75,60.0,48.0
2280,53.0,59.0,49.0
2281,55.0,59.0,53.0
2282,55.0,58.0,54.0
2283,55.5,58.0,54.0
2284,56.0,58.0,55.0
2285,57.25,59.0,56.0
2286,58.5,61.0,57.0
2287,59.5,62.0,58.0
2288,58.75,63.0,57.0
2289,58.5,66.0,55.0
2290,59.75,68.0,57.0
2291,59.75,68.0,57.0
2292,60.5,66.0,58.0
2293,60.25,65.0,58.0
2294,59.5,64.0,57.0
2295,58.25,63.0,55.0
2296,56.5,61.0,54.0
2297,55.75,61.0,54.0
2298,55.0,61.0,52.0
2299,55.0,59.0,53.0
2300,54.25,60.0,52.0
2301,54.0,60.0,52.0
2302,54.0,60.0,52.0
2303,54.25,59.0,52.0
2304,54.25,60.0,52.0
2305,55.25,60.0,53.0
2306,56.75,63.0,54.0
2307,58.0,64.0,55.0
2308,58.75,65.0,56.0
2309,59.75,65.0,57.0
2310,60.0,61.0,59.0
2311,62.5,65.0,61.0
2312,63.75,67.0,61.0
2313,63.25,67.0,61.0
2314,63.25,67.0,61.0
2315,62.0,67.0,59.0
2316,60.25,67.0,57.0
2317,58.75,64.0,57.0
2318,58.0,63.0,55.0
2319,56.75,62.0,55.0
2320,56.0,61.0,54.0
2321,56.0,62.0,54.0
2322,54.25,60.0,52.0
2323,53.75,59.0,52.0
2324,53.5,58.0,52.0
2325,52.75,60.0,50.0
2326,53.333333333333336,60.0,50.0
2327,53.333333333333336,60.0,50.0
2328,52.25,60.0,49.0
2329,53.0,60.0,50.0
2330,54.0,61.0,51.0
2331,55.25,63.0,52.0
2332,56.25,64.0,53.0
2333,56.0,64.0,52.0
2334,55.0,62.0,52.0
2335,57.25,67.0,54.0
2336,57.0,67.0,53.0
2337,57.75,67.0,54.0
2338,57.25,66.0,54.0
2339,55.5,59.0,54.0
2340,55.75,60.0,54.0
2341,55.333333333333336,60.0,52.0
2342,53.75,59.0,52.0
2343,53.0,58.0,50.0
2344,52.0,58.0,50.0
2345,50.75,58.0,48.0
2346,50.5,57.0,48.0
2347,50.5,58.0,48.0
2348,50.25,57.0,48.0
2349,50.5,57.0,48.0
2350,50.5,57.0,48.0
2351,50.5,57.0,48.0
2352,50.75,58.0,48.0
2353,51.75,58.0,49.0
2354,53.5,59.0,50.0
2355,54.5,60.0,52.0
2356,55.5,61.0,53.0
2357,56.5,64.0,54.0
2358,56.5,62.0,54.0
2359,57.0,63.0,55.0
2360,57.25,64.0,55.0
2361,57.75,63.0,55.0
2362,57.75,60.0,57.0
2363,58.25,64.0,55.0
2364,57.0,61.0,55.0
2365,57.5,63.0,55.0
2366,57.0,60.0,55.0
2367,55.0,58.0,52.0
2368,52.75,55.0,50.0
2369,52.0,56.0,50.0
2370,51.0,57.0,48.0
2371,49.5,56.0,46.0
2372,48.0,55.0,45.0
2373,47.25,55.0,43.0
2374,50.5,55.0,46.0
2375,46.0,46.0,46.0
2376,50.75,59.0,48.0
2377,53.25,61.0,50.0
2378,56.5,63.0,53.0
2379,59.25,66.0,57.0
2380,61.0,68.0,58.0
2381,60.25,69.0,57.0
2382,61.25,68.0,59.0
2383,64.25,71.0,60.0
2384,65.75,71.0,64.0
2385,66.0,71.0,64.0
2386,65.5,70.0,63.0
2387,65.0,69.0,63.0
2388,64.25,67.0,63.0
2389,62.25,65.0,61.0
2390,60.25,63.0,59.0
2391,58.5,61.0,57.0
2392,57.25,60.0,55.0
2393,56.0,59.0,55.0
2394,55.5,58.0,54.0
2395,54.75,57.0,54.0
2396,54.75,57.0,54.0
2397,54.75,57.0,54.0
2398,55.0,57.0,54.0
2399,55.5,57.0,55.0
2400,56.0,58.0,55.0
2401,58.333333333333336,62.0,56.0
2402,60.0,64.0,57.0
2403,61.75,67.0,59.0
2404,63.0,67.0,61.0
2405,64.5,70.0,61.0
2406,65.5,68.0,64.0
2407,67.0,71.0,65.0
2408,67.5,71.0,66.0
2409,67.5,71.0,66.0
2410,67.25,72.0,64.0
2411,65.5,69.0,64.0
2412,64.5,68.0,63.0
2413,62.25,67.0,59.0
2414,59.75,65.0,57.0
2415,58.0,64.0,55.0
2416,57.25,64.0,54.0
2417,56.75,66.0,52.0
2418,56.0,67.0,52.0
2419,55.0,66.0,50.0
2420,54.75,65.0,50.0
2421,53.75,64.0,50.0
2422,54.5,64.0,50.0
2423,54.5,64.0,50.0
2424,54.75,64.0,51.0
2425,56.25,65.0,52.0
2426,56.5,64.0,53.0
2427,58.25,65.0,55.0
2428,59.75,65.0,57.0
2429,61.75,67.0,58.0
2430,63.25,68.0,61.0
2431,63.75,70.0,59.0
2432,63.0,72.0,58.0
2433,63.0,71.0,59.0
2434,62.0,70.0,59.0
2435,63.0,70.0,60.0
2436,61.25,67.0,59.0
2437,60.5,65.0,59.0
2438,59.25,63.0,57.0
2439,58.25,62.0,57.0
2440,57.25,61.0,55.0
2441,56.5,60.0,55.0
2442,56.75,61.0,55.0
2443,56.5,60.0,55.0
2444,56.25,59.0,55.0
2445,56.0,58.0,55.0
2446,55.25,57.0,54.0
2447,55.25,58.0,54.0
2448,55.0,58.0,54.0
2449,56.0,62.0,54.0
2450,57.5,65.0,55.0
2451,58.0,64.0,55.0
2452,59.75,68.0,57.0
2453,61.0,68.0,58.0
2454,61.75,69.0,59.0
2455,62.75,70.0,59.0
2456,63.75,71.0,61.0
2457,64.25,71.0,61.0
2458,65.25,72.0,63.0
2459,64.0,71.0,61.0
2460,63.0,69.0,61.0
2461,61.25,67.0,59.0
2462,59.75,64.0,57.0
2463,57.5,63.0,55.0
2464,56.5,61.0,55.0
2465,55.75,60.0,54.0
2466,55.75,61.0,54.0
2467,56.25,61.0,54.0
2468,57.0,63.0,55.0
2469,57.0,63.0,55.0
2470,56.25,62.0,54.0
2471,55.5,60.0,54.0
2472,57.25,64.0,55.0
2473,57.75,64.0,55.0
2474,59.5,67.0,57.0
2475,61.5,68.0,58.0
2476,63.75,71.0,60.0
2477,66.0,73.0,63.0
2478,68.0,73.0,65.0
2479,68.75,74.0,66.0
2480,69.5,74.0,68.0
2481,70.25,77.0,68.0
2482,69.5,74.0,68.0
2483,68.5,74.0,66.0
2484,67.0,71.0,64.0
2485,62.75,64.0,61.0
2486,62.25,64.0,61.0
2487,60.25,63.0,59.0
2488,60.25,64.0,59.0
2489,59.5,64.0,57.0
2490,59.5,64.0,57.0
2491,59.0,64.0,57.0
2492,58.5,63.0,57.0
2493,58.0,63.0,55.0
2494,57.0,63.0,55.0
2495,56.75,62.0,55.0
2496,58.0,62.0,56.0
2497,58.75,64.0,57.0
2498,58.5,63.0,57.0
2499,59.5,64.0,57.0
2500,60.25,65.0,58.0
2501,60.0,65.0,57.0
2502,59.25,65.0,57.0
2503,60.0,68.0,57.0
2504,61.0,68.0,58.0
2505,59.5,66.0,55.0
2506,60.0,69.0,57.0
2507,58.25,66.0,55.0
2508,57.25,63.0,55.0
2509,57.0,62.0,55.0
2510,56.25,61.0,54.0
2511,56.0,61.0,54.0
2512,55.0,59.0,52.0
2513,53.25,58.0,50.0
2514,51.75,58.0,48.0
2515,49.5,55.0,45.0
2516,48.0,55.0,45.0
2517,47.25,52.0,45.0
2518,46.75,51.0,45.0
2519,46.75,50.0,45.0
2520,47.75,53.0,46.0
2521,49.75,56.0,47.0
2522,52.5,59.0,49.0
2523,55.5,62.0,52.0
2524,56.75,64.0,54.0
2525,57.75,67.0,54.0
2526,59.75,67.0,56.0
2527,60.25,67.0,57.0
2528,61.0,68.0,57.0
2529,62.0,68.0,58.0
2530,62.5,69.0,59.0
2531,61.5,68.0,59.0
2532,61.0,68.0,57.0
2533,58.5,66.0,55.0
2534,56.5,64.0,52.0
2535,54.75,61.0,52.0
2536,52.5,60.0,48.0
2537,50.5,58.0,46.0
2538,49.75,56.0,46.0
2539,48.25,55.0,45.0
2540,47.75,55.0,45.0
2541,46.5,55.0,43.0
2542,45.25,53.0,41.0
2543,46.5,54.0,43.0
2544,48.25,57.0,45.0
2545,50.25,60.0,46.0
2546,53.25,62.0,49.0
2547,56.25,63.0,53.0
2548,57.0,64.0,54.0
2549,59.25,66.0,57.0
2550,60.5,66.0,58.0
2551,61.666666666666664,67.0,59.0
2552,59.0,59.0,59.0
2553,61.5,68.0,59.0
2554,60.0,67.0,57.0
2555,60.0,68.0,57.0
2556,57.25,64.0,54.0
2557,57.0,62.0,54.0
2558,52.0,52.0,52.0
2559,54.0,59.0,52.0
2560,52.75,56.0,51.0
2561,52.5,55.0,51.0
2562,51.5,56.0,50.0
2563,50.25,57.0,48.0
2564,50.5,56.0,48.0
2565,51.0,57.0,48.0
2566,51.5,57.0,49.0
2567,54.5,61.0,51.0
2568,56.5,63.0,54.0
2569,58.5,64.0,56.0
2570,60.666666666666664,64.0,59.0
2571,62.5,66.0,60.0
2572,62.5,65.0,61.0
2573,63.25,65.0,62.0
2574,63.75,67.0,61.0
2575,64.0,68.0,61.0
2576,63.25,69.0,61.0
2577,63.25,69.0,61.0
2578,62.0,67.0,59.0
2579,61.25,67.0,59.0
2580,59.5,66.0,57.0
2581,59.25,65.0,57.0
2582,58.25,65.0,55.0
2583,57.75,65.0,55.0
2584,57.0,65.0,54.0
2585,56.0,63.0,53.0
2586,57.0,64.0,54.0
2587,57.0,63.0,55.0
2588,57.25,63.0,55.0
2589,56.75,63.0,54.0
2590,56.25,63.0,54.0
2591,56.5,63.0,54.0
2592,57.0,64.0,54.0
2593,56.75,64.0,54.0
2594,58.0,65.0,55.0
2595,60.5,66.0,58.0
2596,63.5,69.0,61.0
2597,64.25,71.0,61.0
2598,65.0,72.0,62.0
2599,65.25,72.0,63.0
2600,64.75,69.0,63.0
2601,65.0,70.0,63.0
2602,64.25,70.0,61.0
2603,62.0,69.0,59.0
2604,58.75,67.0,55.0
2605,57.5,66.0,54.0
2606,56.0,65.0,52.0
2607,55.5,64.0,52.0
2608,54.25,65.0,50.0
2609,53.5,64.0,48.0
2610,50.75,63.0,46.0
2611,51.0,63.0,46.0
2612,50.25,62.0,46.0
2613,51.5,62.0,48.0
2614,52.5,64.0,48.0
2615,55.5,64.0,52.0
2616,58.75,65.0,56.0
2617,60.75,64.0,59.0
2618,63.5,65.0,62.0
2619,65.5,68.0,64.0
2620,66.25,67.0,66.0
2621,67.5,68.0,67.0
2622,68.0,68.0,68.0
2623,68.0,69.0,67.0
2624,67.75,68.0,67.0
2625,67.0,68.0,66.0
2626,65.5,66.0,64.0
2627,64.0,64.0,64.0
2628,63.5,64.0,62.0
2629,62.75,64.0,61.0
2630,62.5,63.0,61.0
2631,59.5,62.0,57.0
2632,58.75,63.0,57.0
2633,59.0,64.0,57.0
2634,58.75,64.0,57.0
2635,58.5,63.0,57.0
2636,59.0,64.0,57.0
2637,58.75,63.0,57.0
2638,59.0,64.0,57.0
2639,58.75,64.0,57.0
2640,59.75,64.0,57.0
2641,60.5,64.0,58.0
2642,62.0,64.0,60.0
2643,63.0,66.0,61.0
2644,64.0,65.0,63.0
2645,63.75,66.0,63.0
2646,63.75,66.0,63.0
2647,64.5,69.0,63.0
2648,65.75,71.0,64.0
2649,65.0,69.0,63.0
2650,63.75,65.0,63.0
2651,63.25,64.0,63.0
2652,61.75,63.0,61.0
2653,61.75,64.0,61.0
2654,60.5,64.0,59.0
2655,60.0,63.0,59.0
2656,59.75,63.0,58.0
2657,59.75,63.0,58.0
2658,59.75,63.0,58.0
2659,59.75,62.0,59.0
2660,58.5,62.0,57.0
2661,58.0,61.0,57.0
2662,58.0,61.0,57.0
2663,58.25,62.0,57.0
2664,59.0,64.0,57.0
2665,60.5,65.0,59.0
2666,59.75,65.0,57.0
2667,59.25,65.0,57.0
2668,59.75,65.0,57.0
2669,59.75,67.0,57.0
2670,59.5,66.0,57.0
2671,59.25,61.0,58.0
2672,60.25,65.0,58.0
2673,60.25,64.0,59.0
2674,59.25,64.0,57.0
2675,58.5,63.0,57.0
2676,56.5,61.0,54.0
2677,56.25,60.0,55.0
2678,56.5,61.0,55.0
2679,56.5,61.0,55.0
2680,56.25,60.0,55.0
2681,55.75,60.0,54.0
2682,56.0,59.0,55.0
2683,56.0,59.0,55.0
2684,55.5,59.0,54.0
2685,55.25,58.0,54.0
2686,55.75,59.0,54.0
2687,56.5,61.0,55.0
2688,56.75,62.0,55.0
2689,57.75,63.0,55.0
2690,58.25,63.0,56.0
2691,58.5,63.0,57.0
2692,60.0,64.0,58.0
2693,60.25,64.0,59.0
2694,58.75,64.0,57.0
2695,60.25,65.0,58.0
2696,59.75,66.0,57.0
2697,59.0,64.0,57.0
2698,59.0,64.0,57.0
2699,58.25,62.0,57.0
2700,57.5,61.0,55.0
2701,56.5,60.0,55.0
2702,56.0,58.0,55.0
2703,55.75,58.0,55.0
2704,55.5,57.0,55.0
2705,54.666666666666664,56.0,54.0
2706,54.25,56.0,52.0
2707,52.75,55.0,52.0
2708,52.25,55.0,50.0
2709,51.25,54.0,50.0
2710,51.25,55.0,50.0
2711,51.5,57.0,49.0
2712,51.75,57.0,50.0
2713,53.25,58.0,51.0
2714,53.5,59.0,51.0
2715,54.0,61.0,51.0
2716,54.666666666666664,62.0,50.0
2717,53.5,63.0,50.0
2718,53.25,62.0,50.0
2719,54.666666666666664,64.0,50.0
2720,54.0,64.0,50.0
2721,53.75,64.0,50.0
2722,53.5,64.0,50.0
2723,52.5,61.0,49.0
2724,51.0,59.0,48.0
2725,50.5,57.0,48.0
2726,49.0,56.0,46.0
2727,49.0,57.0,46.0
2728,47.5,54.0,45.0
2729,45.75,53.0,43.0
2730,45.25,52.0,43.0
2731,43.75,51.0,41.0
2732,44.0,51.0,41.0
2733,45.25,50.0,43.0
2734,46.0,50.0,44.0
2735,47.0,51.0,45.0
2736,47.25,53.0,45.0
2737,48.25,55.0,46.0
2738,48.25,55.0,46.0
2739,49.0,58.0,46.0
2740,51.0,61.0,47.0
2741,51.5,62.0,48.0
2742,51.5,63.0,47.0
2743,52.0,62.0,46.0
2744,50.25,62.0,46.0
2745,50.25,62.0,46.0
2746,51.0,61.0,46.0
2747,49.5,60.0,46.0
2748,49.0,58.0,46.0
2749,48.75,57.0,46.0
2750,49.0,55.0,46.0
2751,48.0,54.0,46.0
2752,48.0,54.0,46.0
2753,47.5,53.0,45.0
2754,47.0,52.0,45.0
2755,47.0,51.0,45.0
2756,46.5,51.0,45.0
2757,46.25,51.0,44.0
2758,46.25,51.0,44.0
2759,46.75,52.0,45.0
2760,48.0,54.0,46.0
2761,48.25,55.0,46.0
2762,49.5,57.0,46.0
2763,50.75,59.0,48.0
2764,51.25,61.0,48.0
2765,51.75,62.0,48.0
2766,52.0,63.0,48.0
2767,52.5,63.0,48.0
2768,51.75,61.0,48.0
2769,51.0,60.0,48.0
2770,50.0,58.0,46.0
2771,49.0,57.0,46.0
2772,48.25,54.0,46.0
2773,48.0,52.0,46.0
2774,47.333333333333336,50.0,46.0
2775,46.75,49.0,46.0
2776,46.666666666666664,49.0,45.0
2777,46.25,49.0,45.0
2778,45.75,48.0,45.0
2779,46.0,48.0,45.0
2780,45.5,48.0,44.0
2781,44.25,47.0,43.0
2782,45.75,49.0,44.0
2783,46.0,50.0,44.0
2784,46.25,51.0,44.0
2785,47.0,53.0,45.0
2786,48.0,54.0,46.0
2787,48.25,56.0,45.0
2788,48.666666666666664,56.0,45.0
2789,48.0,56.0,45.0
2790,48.75,57.0,46.0
2791,49.333333333333336,56.0,46.0
2792,48.5,55.0,46.0
2793,48.0,55.0,45.0
2794,47.75,54.0,45.0
2795,46.75,54.0,43.0
2796,45.75,53.0,43.0
2797,44.666666666666664,52.0,41.0
2798,44.0,52.0,41.0
2799,43.75,51.0,41.0
2800,43.0,49.0,41.0
2801,41.5,47.0,39.0
2802,41.0,46.0,39.0
2803,39.5,45.0,37.0
2804,40.0,44.0,37.0
2805,40.5,46.0,38.0
2806,41.25,48.0,39.0
2807,42.5,50.0,39.0
2808,45.0,53.0,41.0
2809,45.25,56.0,41.0
2810,47.5,57.0,43.0
2811,48.5,56.0,46.0
2812,50.0,59.0,46.0
2813,51.75,60.0,48.0
2814,51.25,53.0,50.0
2815,52.0,58.0,50.0
2816,50.0,56.0,46.0
2817,48.0,53.0,46.0
2818,48.0,53.0,46.0
2819,47.75,54.0,45.0
2820,46.75,51.0,45.0
2821,46.0,49.0,45.0
2822,46.0,49.0,45.0
2823,44.75,47.0,43.0
2824,44.25,47.0,43.0
2825,44.0,46.0,43.0
2826,43.5,45.0,43.0
2827,43.0,45.0,41.0
2828,42.5,44.0,41.0
2829,42.75,43.0,42.0
2830,43.0,43.0,43.0
2831,44.5,47.0,43.0
2832,46.75,51.0,45.0
2833,47.75,53.0,46.0
2834,49.25,54.0,47.0
2835,49.25,55.0,46.0
2836,50.5,58.0,48.0
2837,50.75,58.0,48.0
2838,51.75,58.0,49.0
2839,51.0,57.0,48.0
2840,51.0,57.0,48.0
2841,50.25,56.0,48.0
2842,49.75,55.0,48.0
2843,48.75,55.0,46.0
2844,47.5,52.0,45.0
2845,46.75,50.0,45.0
2846,46.25,49.0,45.0
2847,46.5,49.0,45.0
2848,46.25,49.0,45.0
2849,45.0,48.0,43.0
2850,41.75,49.0,37.0
2851,42.5,49.0,39.0
2852,41.5,48.0,39.0
2853,42.75,49.0,40.0
2854,44.5,49.0,41.0
2855,46.5,50.0,45.0
2856,48.25,52.0,46.0
2857,50.0,54.0,48.0
2858,51.75,57.0,50.0
2859,51.666666666666664,52.0,51.0
2860,54.0,58.0,52.0
2861,54.75,58.0,53.0
2862,56.0,59.0,55.0
2863,56.25,61.0,54.0
2864,55.75,60.0,54.0
2865,54.0,58.0,52.0
2866,53.5,58.0,52.0
2867,51.75,56.0,50.0
2868,50.0,55.0,48.0
2869,49.25,53.0,48.0
2870,49.5,52.0,48.0
2871,50.0,50.0,50.0
2872,49.0,50.0,48.0
2873,48.5,49.0,48.0
2874,48.25,49.0,48.0
2875,47.5,48.0,47.0
2876,47.25,48.0,46.0
2877,46.75,48.0,46.0
2878,48.0,49.0,47.0
2879,48.75,51.0,48.0
2880,50.5,58.0,48.0
2881,52.5,61.0,49.0
2882,52.5,61.0,49.0
2883,54.75,62.0,51.0
2884,56.0,62.0,54.0
2885,56.0,62.0,54.0
2886,56.25,63.0,54.0
2887,55.0,63.0,52.0
2888,54.5,62.0,52.0
2889,55.0,62.0,52.0
2890,55.75,62.0,53.0
2891,55.75,62.0,53.0
2892,56.0,62.0,54.0
2893,55.5,60.0,54.0
2894,55.5,60.0,54.0
2895,55.5,60.0,54.0
2896,55.25,59.0,54.0
2897,55.0,59.0,53.0
2898,54.0,59.0,52.0
2899,53.75,59.0,52.0
2900,53.75,59.0,52.0
2901,53.0,59.0,50.0
2902,52.5,59.0,50.0
2903,52.5,60.0,50.0
2904,52.5,60.0,50.0
2905,52.75,61.0,50.0
2906,54.0,62.0,50.0
2907,55.0,65.0,51.0
2908,55.5,64.0,52.0
2909,57.5,66.0,54.0
2910,58.75,65.0,56.0
2911,59.25,65.0,57.0
2912,59.0,64.0,57.0
2913,58.25,64.0,55.0
2914,57.25,64.0,54.0
2915,55.5,64.0,52.0
2916,54.75,63.0,52.0
2917,54.5,62.0,52.0
2918,53.25,62.0,50.0
2919,53.25,62.0,50.0
2920,52.75,62.0,48.0
2921,51.5,61.0,48.0
2922,51.75,62.0,48.0
2923,51.5,61.0,48.0
2924,50.25,61.0,46.0
2925,50.25,60.0,46.0
2926,50.75,60.0,47.0
2927,51.75,60.0,48.0
2928,54.5,61.0,51.0
2929,56.25,61.0,54.0
2930,58.0,62.0,56.0
2931,59.5,62.0,58.0
2932,60.75,63.0,59.0
2933,62.25,63.0,61.0
2934,62.0,65.0,59.0
2935,62.5,66.0,61.0
2936,61.5,66.0,59.0
2937,61.0,66.0,59.0
2938,58.75,62.0,57.0
2939,57.0,62.0,54.0
2940,55.75,64.0,52.0
2941,55.25,64.0,52.0
2942,54.0,64.0,50.0
2943,52.75,64.0,48.0
2944,51.0,64.0,46.0
2945,51.5,64.0,46.0
